<modmanager_windows>
	<append xpath="/windows">
		<window name="modsErrorMessageBox" anchor="CenterCenter" pos="-280,140" width="560" height="279" cursor_area="true">
			<panel depth="20000" createuipanel="true" disableautobackground="true">
				<panel name="outclick" pos="-2000,2000" width="8000" height="8000" depth="1" createuipanel="true" on_press="true" disableautobackground="true">
					<sprite depth="0" name="backgroundMain" sprite="menu_empty3px" color="30,30,30,160" type="sliced" fillcenter="true" />
				</panel>
				
				<panel name="noclick" depth="2" createuipanel="true" on_press="true" pos="-20,20" width="440" height="240" clipping="softclip" clippingsoftness="20,20" disableautobackground="true">
					<sprite depth="0" name="backgroundMain" sprite="menu_empty" color="0,0,0,50" type="sliced" fillcenter="true" />
				</panel>
				
				<panel name="header" pos="0,0" height="43" depth="1" backgroundspritename="ui_game_panel_header" bordercolor="[black]" borderthickness="3" >
					<label style="header.name" pos="6,-6" width="550" text="{msgTitle}" />
				</panel>
				
				<button name="btnStackTrace" depth="3" pos="497,-22" sprite="ui_game_symbol_sort" style="icon32px, press, hover" pivot="center" tooltip="{stackTraceTooltip}"/>
				<button name="btnCopy" depth="3" pos="540,-22" sprite="ui_game_symbol_book" style="icon32px, press, hover" pivot="center" tooltip_key="xuiGameModErrorButtonCopy" sound="[paging_click]"/>

				<panel name="content" pos="0,-46" height="194" depth="1" backgroundcolor="[darkGrey]" bordercolor="[black]" borderthickness="3" pivot="center">
					<sprite depth="8" name="backgroundMain" sprite="menu_empty3px" pos="0,0" height="194" color="[black]" type="sliced" fillcenter="false" />	
					<label depth="3" name="descriptionText" pos="8,-6" width="544" text="{msgText}" font_size="28" overflow="resizeheight" upper_case="false" />
				</panel>

				<rect name="btnLeft" depth="3" pos="0, -243" width="200" height="36" disableautobackground="true" visible="{showleftbutton}">
					<sprite depth="8" name="backgroundMain" sprite="menu_empty3px" color="[black]" type="sliced" fillcenter="false" />	
					<rect depth="3" pos="0,-3" height="31">
						<button name="clickable2" sprite="menu_empty" defaultcolor="[mediumGrey]" hoversprite="ui_game_select_row" hovercolor="[white]" type="sliced" hoverscale="1.0"/>
						<!-- <sprite depth="2" name="windowIcon" width="24" height="24" pos="45,-2" color="[iconColor]" sprite="ui_game_symbol_check"/> -->
						<label depth="2" name="btnLabel" pos="0,-2" justify="center" text_key="{leftbuttontext}" effect="outline" upper_case="true" />
					</rect>
				</rect>
				
				<rect name="btnRight" depth="3" pos="360, -243" width="200" height="36" disableautobackground="true">
					<sprite depth="8" name="backgroundMain" sprite="menu_empty3px" color="[black]" type="sliced" fillcenter="false" />	
					<rect depth="3" pos="0,-3" height="31">
						<button name="clickable" sprite="menu_empty" defaultcolor="[mediumGrey]" hoversprite="ui_game_select_row" hovercolor="[white]" type="sliced" hoverscale="1.0"/>
						<!-- <sprite depth="2" name="windowIcon" width="24" height="24" pos="45,-2" color="[iconColor]" sprite="ui_game_symbol_check"/> -->
						<label depth="2" name="btnLabel" pos="0,-2" justify="center" text_key="{rightbuttontext}" effect="outline" upper_case="true" />
					</rect>
				</rect>
			</panel>
		</window>
	</append>
</modmanager_windows>