<SMXui name="XUi_Common/controls.xml">

<!--	// SMX // Window Design - Main Window -->

		<append xpath="/controls">
			<smxcore_window_design>
				<rect name="smxcore_window_design" depth="${depth}">
					<sprite name="smxcore_window_background" depth="1" width="${width}" height="${height}" sprite="smxlib_window_background_detail" type="sliced" color="[smxcore_element_background]" globalopacitymod="1.0" />
					<sprite name="smxcore_window_foreground" depth="2" width="${width}" height="${height}" sprite="smxlib_window_background" type="sliced" color="[smxcore_element_background]" globalopacitymod="1.6" />
					<sprite name="smxcore_window_header_background" depth="3" width="${width}" height="65" sprite="smxlib_window_header_background" type="sliced" color="[smxcore_element_header_background]" globalopacitymod="1.4" />
					<sprite name="smxcore_window_header_separation" depth="4" pos="20,-61" width="${width-40}" height="5" sprite="smxlib_separation_line_1" flip="vertically" color="[smxcore_element_separation_1]" globalopacitymod="1.2" />
					<label name="${name}" depth="5" pos="${Round(width/2,0)},-40" width="${width-40}" height="36" style="smxcore_window_title" text="${text}" text_key="${text_key}" overflow="ShrinkContent" />
				</rect>
			</smxcore_window_design>
		</append>


<!--	// SMX // Window Design - Menu Top -->

		<append xpath="/controls">
			<smxui_window_design_menu_top>
				<rect name="smxcore_window_design_menu_top" depth="${depth}">
					<sprite name="smxui_window_category_background" depth="3" pos="5,-63" width="${width-10}" height="50" sprite="smxlib_window_category_background" color="[smxui_element_background]" globalopacitymod="1.1" />
					<sprite name="smxui_window_category_separation" depth="4" pos="20,-112" width="${width-40}" height="3" sprite="smxlib_separation_line_2" flip="vertically" color="[smxui_element_separation_1]" globalopacitymod="1.2" />
				</rect>
			</smxui_window_design_menu_top>
		</append>


<!--	// SMX // Window Design - Menu Top - Content - Category -->

		<append xpath="/controls">
			<smxui_window_design_menu_top_category>
					<rect name="smxui_window_menu_top_content" depth="4" pos="${width/2},-88" width="${width}" height="40" pivot="center">
						<grid name="categories" pos="${-width/2+50},0" width="${width}" height="40" rows="1" cols="${cols}" cell_width="45" cell_height="40" repeat_content="true" controller="CategoryList">
							<smxui_crafting_category_icon />
						</grid>
					</rect>
			</smxui_window_design_menu_top_category>
		</append>


<!--	// SMX // Window Design - Menu Right w/Top -->

		<append xpath="/controls">
			<smxui_window_design_menu_right_wtop>
				<rect name="smxcore_window_design_menu_right_wtop" depth="${depth}">
					<sprite name="smxui_window_menu_separation" depth="4" pos="${width-75},-137" width="${height-215}" height="3" sprite="smxlib_separation_line_1" rotation="270" color="[smxui_element_separation_1]" />
				</rect>
			</smxui_window_design_menu_right_wtop>
		</append>


<!--	// SMX // Window Design - Menu Right -->

		<append xpath="/controls">
			<smxui_window_design_menu_right>
				<rect name="smxui_window_design_menu_right" depth="${depth}">
					<sprite name="smxui_window_menu_separator" depth="4" pos="${width-75},-90" width="${height-180}" height="3" sprite="smxlib_separation_line_1" rotation="270" color="[smxui_element_separation_1]" />
				</rect>
			</smxui_window_design_menu_right>
		</append>


<!--	// SMX // Window Design - Menu Right - Content -->

		<append xpath="/controls">
			<smxui_window_design_menu_right_inventory>
				<rect name="smxui_window_menu_content" depth="4" pos="${width-65},-90" width="45" height="${height-200}">

					<rect name="smxui_container_options" depth="5" pos="0,0" width="45" height="250" controller="ContainerStandardControls" move_start_bottom_left="true">
						<button name="btnMoveFillStacks" depth="3" pos="23,-40" size="50,50" style="press, hover, smxcore_icon_colors" pivot="center" sprite="smxlib_ui_game_symbol_dumpfill" sound_play_on_hover="[default_hover]" sound="[paging_click]" tooltip_key="lblStashFillStacks" visible="{lootingorvehiclestorage}" />
						<button name="btnMoveSmart" depth="3" pos="23,-115" size="50,50" style="press, hover, smxcore_icon_colors" pivot="center" sprite="smxlib_ui_game_symbol_dumpsmart" sound_play_on_hover="[default_hover]" sound="[paging_click]" tooltip_key="lblStashSmart" visible="{lootingorvehiclestorage}" />
						<button name="btnMoveAll" depth="3" pos="23,-190" size="50,50" style="press, hover, smxcore_icon_colors" pivot="center" sprite="smxlib_ui_game_symbol_dumpall" sound_play_on_hover="[default_hover]" sound="[paging_click]" tooltip_key="lblStashAll" visible="{lootingorvehiclestorage}" />

						<smxui_lockedslots_combobox_vertical name="cbxLockedSlots" pos="0,-320" type="ComboBoxInt" value_min="0" value_max="45" value_wrap="true" value_increment="1" tooltip_key="xuiStashLockedSlots" />

						<button name="btnSort" depth="3" pos="23,-570" size="50,50" style="press, hover, smxcore_icon_colors" pivot="center" sprite="smxlib_ui_game_symbol_sort" tooltip_key="lblSortContainer" sound_play_on_hover="[default_hover]" sound="[paging_click]" />
						<label name="sortContainer" depth="3" pos="28,-605" width="60" height="18" style="smxcore_label_normal" text_key="lblSortContainer" font_size="18" pivot="center" overflow="ShrinkContent" color="[smxui_element_labelcolor_2]" />

						<button name="btnClearInventory" depth="3" pos="23,-650" size="50,50" style="press, hover, smxcore_icon_colors" pivot="center" sprite="ui_game_symbol_trash" tooltip_key="lblClearInventory" sound_play_on_hover="[default_hover]" sound="[paging_click]" visible="{creativewindowopen}" />
						<label name="clearInventory" depth="3" pos="28,-688" width="60" height="18" style="smxcore_label_normal" text_key="lblClearInventory" font_size="18" pivot="center" overflow="ShrinkContent" color="[red]" visible="{creativewindowopen}" />
					</rect>
				</rect>
			</smxui_window_design_menu_right_inventory>
		</append>


<!--	// SMX // Window Design - Content Bottom -->

		<append xpath="/controls">
			<smxui_window_design_content_bottom>
				<rect name="smxui_window_design_content_bottom" pos="${pos}" depth="${depth}">
					<sprite name="smxui_window_module_separation" depth="4" pos="20,${-height+100}" width="${width-60}" height="2" sprite="smxlib_separation_line_2" flip="horizontally" color="[smxui_element_separation_1]" globalopacitymod="1.2" />
					<sprite name="smxui_window_accent_glow" depth="3" pos="10,${-height+100}" width="${width-70}" height="80" sprite="smxlib_window_accent_glow" color="[smxui_element_accentcolor_1]" globalopacitymod="1.8" />
					<sprite name="smxui_window_accent_glow" depth="4" pos="10,${-height+100}" width="${width-70}" height="80" sprite="smxlib_window_accent_overlay" color="[smxui_element_accentcolor_1]" globalopacitymod="1.8" />
				</rect>
			</smxui_window_design_content_bottom>
		</append>


<!--	// SMX // Window Design - Module Title -->

		<append xpath="/controls">
			<smxui_window_design_module_title>
				<rect name="smxui_window_content_module_title" pos="${pos}" text="${text}">
					<sprite name="smxui_module_title_separation" depth="3" pos="20,-15" width="300" height="5" sprite="smxlib_separation_line_1" flip="vertically" color="[smxui_element_separation_1]" globalopacitymod="1.2" />
					<sprite name="smxui_module_title_background" depth="4" pos="50,-5" width="240" height="30" sprite="smxlib_window_statsentry_background" rotation="2" color="[smxui_element_module_title_background]" globalopacitymod="1.8" />
					<label name="smxui_module_title_entry" depth="5" pos="50,-10" width="240" height="30" style="smxcore_label_normal" text="${text}" font_size="22" justify="center" rotation="2" spacing_x="6" color="[smxui_element_labelcolor_1]" />
				</rect>
			</smxui_window_design_module_title>
		</append>


<!--	// SMX // Search Content Module -->

		<append xpath="/controls">
			<smxui_search_content_module>
				<rect name="smxui_search_module" depth="${depth}" pos="${pos}" width="${width}" height="${height}">
					<rect pos="${pos}" width="${width}">
						<sprite name="searchIcon" depth="4" pos="20,-20" size="40,40" sprite="ui_game_symbol_search" pivot="center" color="[smxui_element_iconcolor_1]" globalopacitymod="1.2" />
						<sprite name="background" depth="2" pos="50,-1" width="${width-100}" height="40" sprite="smxlib_window_input_background" color="[smxui_element_background]" globalopacitymod="1.2" />
						<sprite name="frameLeft" depth="3" pos="50,-3" width="2" height="36" sprite="smxlib_window_input_frame_left" color="[smxui_element_input_frame]" globalopacitymod="1.8" />
						<sprite name="frameTop" depth="4" pos="50,0" width="${width-100}" height="3" sprite="smxlib_window_input_frame_top" color="[smxui_element_input_frame]" globalopacitymod="1.8" />
						<sprite name="frameRight" depth="3" pos="${width-52},-3" width="3" height="36" sprite="smxlib_window_input_frame_right" color="[smxui_element_input_frame]" globalopacitymod="1.8" />
						<sprite name="frameBottom" depth="4" pos="50,-37" width="${width-100}" height="3" sprite="smxlib_window_input_frame_bottom" color="[smxui_element_input_frame]" globalopacitymod="1.8" />
						<textfield name="searchInput" depth="2" pos="${width/2},${-height/2}" width="${width-104}" height="36" pivot="center" search_field="true" virtual_keyboard_prompt="vkPromptSearchTerm" close_group_on_tab="true" />
					</rect>
				</rect>
			</smxui_search_content_module>
		</append>


<!--	// SMX // Paging Module -->

		<append xpath="/controls">
			<smxui_paging_module depth="3" pos="0,0" width="${width}" height="32" show_max_page="${show_max_page}" separator=" / " primary_pager="true">
				<rect name="${name}" depth="${depth}" pos="${pos}" controller="Paging" visible="{paging_visible}" show_max_page="${show_max_page}" separator="${separator}" primary_pager="${primary_pager}">
					<button name="pageDown" depth="4" pos="${width-width},-22" width="26" height="26" style="press" sprite="ui_game_symbol_arrow_left" disabledcolor="[lightGrey]" pivot="center" enabled="{# int(pagenumber) &gt; 1}" sound="[paging_click]" />
					<rect depth="4" pos="0,0">
						<label depth="5" pos="${Round (width/2,0)},-22" width="70" height="28" style="smxcore_label_normal" text="{#showmaxpage ? pagenumber + separator + maxpagenumber : pagenumber}" font_size="22" pivot="center" justify="center" />
					</rect>
					<button name="pageUp" depth="4" pos="${width},-22" width="26" height="26" style="press" sprite="ui_game_symbol_arrow_right" disabledcolor="[lightGrey]" pivot="center" enabled="{# int(pagenumber) &lt; int(maxpagenumber)}" sound="[paging_click]" />
				</rect>
			</smxui_paging_module>
		</append>


<!--	// SMX // Modular Frames -->

		<append xpath="/controls">
			<smxcore_modular_frame>
				<rect name="smxui_modular_frame" depth="${depth}" pos="${pos}" width="${width}" height="${height}">
					<rect pos="0,0" width="${width}" height="${height}">
						<sprite name="background" depth="2" pos="-1,-2" width="${width-3}" height="${height-3}" sprite="menu_empty" type="sliced" color="[smxui_element_background]" globalopacitymod="${globalopacitymod}" />

						<sprite name="frameLeft" depth="3" pos="0,0" width="${height}" height="3" sprite="smxlib_separation_line_1" rotation="270" color="${color}" globalopacitymod="1.8" />
						<sprite name="frameTop" depth="4" pos="-1,1" width="${width}" height="3" sprite="smxlib_separation_line_1" color="${color}" globalopacitymod="1.8" />
						<sprite name="frameRight" depth="3" pos="${width},-1" width="${height}" height="3" sprite="smxlib_separation_line_1" rotation="270" color="${color}" globalopacitymod="1.8" />
						<sprite name="frameBottom" depth="4" pos="-3,${-height+1}" width="${width}" height="3" sprite="smxlib_separation_line_1" color="${color}" globalopacitymod="1.8" />

					</rect>
				</rect>
			</smxcore_modular_frame>

			<smxcore_modular_frame_skills>
				<rect name="smxui_modular_frame" depth="${depth}" pos="${pos}" width="${width}" height="${height}" visible="${visible}">
					<rect pos="0,0" width="${width}" height="${height}">
						<sprite name="background1" depth="1" pos="-1,-2" width="${width-3}" height="${height-3}" sprite="smxlib_window_background_detail" flip="vertically" color="[smxui_element_background]" globalopacitymod="1.8" />
						<sprite name="background2" depth="2" pos="-1,-2" width="${width-3}" height="${height-3}" sprite="smxlib_window_background" flip="horizontally" color="[smxui_element_backdrop_1]" globalopacitymod="${globalopacitymod}" />

						<sprite name="frameLeft" depth="3" pos="0,0" width="${height}" height="4" sprite="smxlib_separation_line_1" rotation="270" color="${color}" globalopacitymod="1.8" />
						<sprite name="frameTop" depth="4" pos="-1,1" width="${width}" height="4" sprite="smxlib_separation_line_1" color="${color}" globalopacitymod="1.8" />
						<sprite name="frameRight" depth="3" pos="${width},-1" width="${height}" height="4" sprite="smxlib_separation_line_1" rotation="270" color="${color}" globalopacitymod="1.8" />
						<sprite name="frameBottom" depth="4" pos="-3,${-height+1}" width="${width}" height="4" sprite="smxlib_separation_line_1" color="${color}" globalopacitymod="1.8" />

					</rect>
				</rect>
			</smxcore_modular_frame_skills>
		</append>


<!--	// SMX // Modding Tools -->

		<append xpath="/controls">
			<smxmoddingtool_red_nopivot>
				<sprite color="[red]" type="sliced" globalopacitymod="0.8" />
			</smxmoddingtool_red_nopivot>

			<smxmoddingtool_red_pivotc>
				<sprite color="[red]" type="sliced" pivot="center" globalopacitymod="0.8" />
			</smxmoddingtool_red_pivotc>

			<smxmoddingtool_green_nopivot>
				<sprite color="[green]" type="sliced" globalopacitymod="0.8" />
			</smxmoddingtool_green_nopivot>

			<smxmoddingtool_green_pivotc>
				<sprite color="[green]" type="sliced" pivot="center" globalopacitymod="0.8" />
			</smxmoddingtool_green_pivotc>

			<smxmoddingtool_limegreen_nopivot>
				<sprite color="[limeGreen]" type="sliced" globalopacitymod="0.8" />
			</smxmoddingtool_limegreen_nopivot>

			<smxmoddingtool_limegreen_pivotc>
				<sprite color="[limeGreen]" type="sliced" pivot="center" globalopacitymod="0.8" />
			</smxmoddingtool_limegreen_pivotc>

			<smxmoddingtool_tan_nopivot>
				<sprite color="[tan]" type="sliced" globalopacitymod="0.8" />
			</smxmoddingtool_tan_nopivot>

			<smxmoddingtool_tan_pivotc>
				<sprite color="[tan]" type="sliced" pivot="center" globalopacitymod="0.8" />
			</smxmoddingtool_tan_pivotc>

			<smxmoddingtool_white_nopivot>
				<sprite color="[white]" type="sliced" globalopacitymod="0.8" />
			</smxmoddingtool_white_nopivot>

			<smxmoddingtool_white_pivotc>
				<sprite color="[white]" type="sliced" pivot="center" globalopacitymod="0.8" />
			</smxmoddingtool_white_pivotc>

			<smxmoddingtool_green_hor>
				<sprite color="[green]" type="sliced" width="50000" height="1" pos="${pos}" />
			</smxmoddingtool_green_hor>

			<smxmoddingtool_green_ver>
				<sprite color="[green]" type="sliced" width="1" height="50000" pos="${pos}" />
			</smxmoddingtool_green_ver>
		</append>

</SMXui>