<SMXmenu name="XUi_Menu/windows.xml">

<!--	// SMX // Mouseover Tooltip -->

		<remove xpath="/windows/window[@name='toolTip']" />

		<append xpath="/windows">
			<window name="toolTip" depth="310" width="100" height="25" controller="ToolTip">
				<rect>
					<sprite name="sprBackground" depth="0" pos="3,-3" sprite="menu_empty" type="sliced" color="[smxcore_tooltip_background]" globalopacitymod="1.3" />
					<sprite name="sprBackgroundBorder" depth="1" sprite="menu_empty2px" type="sliced" fillcenter="false" color="[smxcore_tooltip_border]" globalopacitymod="1.5" />
					<label name="lblText" depth="3" pos="10,-7" style="smxcore_label_normal" text="" font_size="25" overflow="resizefreely" color="[smxmenu_element_labelcolor_1]" />
				</rect>
			</window>
		</append>


<!--	// SMX // Background Texture Replacement -->

		<set xpath="/windows/window[@name='menuBackground']/texture/@texture">@modfolder(SMXcore)://Textures/smxmenu_window_background.png</set>


<!--	// SMX // Main Menu Logo Adjustment -->

		<set xpath="/windows/window[@name='mainMenuLogo']/@depth">3</set>

		<set xpath="/windows/window[@name='mainMenuLogo']/texture[@name='gameLogo']/@anchor_left">#cam,0,120</set>
		<set xpath="/windows/window[@name='mainMenuLogo']/texture[@name='gameLogo']/@anchor_bottom">#cam,0.5,150</set>
		<set xpath="/windows/window[@name='mainMenuLogo']/texture[@name='gameLogo']/@anchor_right">#cam,0,700</set>
		<set xpath="/windows/window[@name='mainMenuLogo']/texture[@name='gameLogo']/@anchor_top">#cam,0.5,450</set>


<!--	// SMX // Changelog / Info Window -->

		<append xpath="/windows">
			<window name="smxmenuChangeLogWindow" depth="1" pos="-275,150" size="950,150" controller="InfoWindow" cursor_area="true" >
				<rect name="smxmenu_changelog_main_content" pos="0,5">
					<rect name="smxmenu_changelog_main_header" depth="2" pos="0,-20" width="950" height="30">
						<label name="smxmenu_changelog_header" depth="3" pos="0,-7" width="316" height="30" style="smxcore_label_normal" text="" text_key="xuiChangeLogHeaderMENU" font_size="18" color="[smxmenu_element_labelcolor_1]" />
						<label name="smxhud_changelog_header" depth="3" pos="317,-7" width="316" height="30" style="smxcore_label_normal" text="" text_key="xuiChangeLogHeaderHUD" font_size="18" color="[smxmenu_element_labelcolor_1]" />
						<label name="smxui_changelog_header" depth="3" pos="634,-7" width="316" height="30" style="smxcore_label_normal" text="" text_key="xuiChangeLogHeaderUI" font_size="18" color="[smxmenu_element_labelcolor_1]" />
					</rect>
					<rect name="smxmenu_changelog_content" depth="3" pos="0,-55" width="316" height="100"> <!-- Edit lines in localization.txt - Keep width in mind & MAX 6 Lines! -->
						<label name="smxmenu_changelog_entry" depth="5" pos="10,-5" width="100%" height="100%" style="smxcore_label_normal" text="" text_key="xuiChangeLogMENU" font_size="14" color="[smxmenu_element_labelcolor_1]" />
					</rect>
					<rect name="smxhud_changelog_content" depth="3" pos="317,-55" width="316" height="100"> <!-- Edit lines in localization.txt - Keep width in mind & MAX 6 Lines! -->
						<label name="smxhud_changelog_entry" depth="5" pos="10,-5" width="100%" height="100%" style="smxcore_label_normal" text="" text_key="xuiChangeLogHUD" font_size="14" color="[smxmenu_element_labelcolor_1]" />
					</rect>
					<rect name="smxui_changelog_content" depth="3" pos="634,-55" width="316" height="100"> <!-- Edit lines in localization.txt - Keep width in mind & MAX 6 Lines! -->
						<label name="smxui_changelog_entry" depth="5" pos="10,-5" width="100%" height="100%" style="smxcore_label_normal" text="" text_key="xuiChangeLogUI" font_size="14" color="[smxmenu_element_labelcolor_1]" />
					</rect>
				</rect>
			</window>
		</append>


<!--	// SMX // Main Menu Rebuild -->

		<remove xpath="/windows/window[@name='mainMenu']" />

		<append xpath="/windows">
			<window name="mainMenu" pos="360,540" size="408,1080" controller="MainMenu" cursor_area="true">

				<sprite name="smxmenu_mainmenu_background" depth="2" pos="60,0" width="408" anchor_top="#cam,0.5,1000" anchor_bottom="#cam,0.5,-1000" sprite="smxmenu_mainmenu_background" pivot="center" color="[smxmenu_element_background]" globalopacitymod="1.2" />

				<grid name="smxmenu_mainmenu_grid" depth="3" pos="50,-430" pivot="bottomleft" rows="7" cell_width="230" cell_height="70" repeat_content="false" arrangement="vertical">
					<smxmenu_mainmenubutton name="btnNewGame" width="230" height="65" pivot="center" caption_key="xuiNewGame" overflow="ShrinkContent" />
					<smxmenu_mainmenubutton name="btnContinueGame" width="230" height="65" pivot="center" caption_key="xuiContinueGame" overflow="ShrinkContent" />
					<smxmenu_mainmenubutton name="btnConnectToServer" width="230" height="65" pivot="center" caption_key="xuiConnectToServer" overflow="ShrinkContent" />
					<smxmenu_mainmenubutton name="btnEditingTools" width="230" height="65" pivot="center" caption_key="xuiEditingTools" overflow="ShrinkContent" />
					<smxmenu_mainmenubutton name="btnOptions" width="230" height="65" pivot="center" caption_key="xuiOptions" overflow="ShrinkContent" />
					<rect><sprite name="smxmenu_mainmenu_separation" depth="1" pos="-140,-28" width="301" height="5" sprite="smxlib_separation_line_2" color="[smxmenu_element_separation_2]" /></rect>
					<smxmenu_mainmenubutton name="btnQuit" width="230" height="65" pivot="center" caption_key="xuiQuit" overflow="ShrinkContent" />
				</grid>

				<widget anchor_left="#cam,1,-170" anchor_bottom="#cam,0,80" anchor_right="#cam,1,-160" anchor_top="#cam,0,90" pivot="bottomright">
					<smxmenu_tfpcreditsbutton name="btnCredits" pos="0,0" width="160" height="56" pivot="center" caption_key="xuiCredits" tooltip_key="xuiCredits" />
				</widget>

				<rect name="smxmenu_version_control">
					<label name="smxmenu_edition_info" depth="9" pos="60,-500" size="250,33" style="smxcore_label_normal" text_key="smxCurrentVersionBranch" font_size="18" pivot="center" justify="center" upper_case="true" color="[smxmenu_element_labelcolor_1]" />
					<label name="smxmenu_version_info" depth="9" pos="60,-520" size="250,33" style="smxcore_label_normal" text_key="smxCurrentVersionNumber" font_size="18" pivot="center" justify="center" upper_case="false" overflow="ShrinkContent" color="[smxmenu_element_labelcolor_2]" />
				</rect>
			</window>
		</append>


<!--	// SMX // Options Menu Rebuild -->

		<remove xpath="/windows/window[@name='optionsMenu']" />

		<append xpath="/windows">
			<window name="optionsMenu" pos="360,540" size="408,1080" controller="OptionsMenu" cursor_area="true">

				<sprite name="smxmenu_optionsmenu_background" depth="2" pos="60,0" width="408" anchor_top="#cam,0.5,1000" anchor_bottom="#cam,0.5,-1000" sprite="smxmenu_mainmenu_background" pivot="center" color="[smxmenu_element_background]" globalopacitymod="1.2" visible="{notingame}" />
				<sprite name="smxmenu_optionsmenu_background" depth="2" pos="60,0" width="408" anchor_top="#cam,0.5,1000" anchor_bottom="#cam,0.5,-1000" sprite="smxmenu_mainmenu_background" pivot="center" color="[smxmenu_element_background]" globalopacitymod="1.3" visible="{ingame}" />

				<!--sprite name="smxmenu_optionsmenu_smx_logo" depth="3" pos="60,180" size="588,588" sprite="smxmenu_mainmenu_smx_logo" pivot="center" globalopacitymod="1.5" /-->

				<grid name="smxmenu_optionsmenu_grid" depth="3" pos="50,-430" pivot="bottomleft" rows="8" cell_width="230" cell_height="70" repeat_content="false" arrangement="vertical">
					<smxmenu_mainmenubutton name="btnVideo" width="230" height="65" pivot="center" caption_key="xuiBtnOptionsVideo" overflow="ShrinkContent" />
					<smxmenu_mainmenubutton name="btnAudio" width="230" height="65" pivot="center" caption_key="xuiBtnOptionsAudio" overflow="ShrinkContent" />
					<smxmenu_mainmenubutton name="btnControls" width="230" height="65" pivot="center" caption_key="xuiBtnOptionsControls" overflow="ShrinkContent" />
					<smxmenu_mainmenubutton name="btnAccount" width="230" height="65" pivot="center" caption_key="xuiBtnOptionsAccount" overflow="ShrinkContent" visible="{notreleaseingame}"  />
					<smxmenu_mainmenubutton name="btnTwitch" width="230" height="65" pivot="center" caption_key="xuiBtnOptionsTwitch" overflow="ShrinkContent" visible="{ingamenoteditor}" />
					<rect><sprite name="smxmenu_mainmenu_separation" depth="1" pos="-140,-28" width="301" height="5" sprite="smxlib_separation_line_2" color="[smxmenu_element_separation_2]" /></rect>
					<smxmenu_mainmenubutton name="btnProfiles" width="230" height="65" pivot="center" caption_key="xuiBtnOptionsProfiles" overflow="ShrinkContent" visible="{notingame}" />
					<smxmenu_mainmenubutton name="btnBack" width="230" height="65" pivot="center" caption_key="xuiBack" overflow="ShrinkContent" visible="{ingame}" />
				</grid>

				<widget anchor_left="#bottomleft,0,100" anchor_bottom="#bottomleft,0,80" anchor_right="#bottomleft,0,50" anchor_top="#bottomleft,0,90" pivot="bottomleft">
					<smxmenu_widgetbutton name="btnBack" width="180" height="65" pivot="center" caption_key="xuiBack" overflow="ShrinkContent" visible="{notingame}" />
				</widget>
			</window>
		</append>


<!--	// SMX // Editing Tools Menu Rebuild -->

		<remove xpath="/windows/window[@name='editingTools']" />

		<append xpath="/windows">
			<window name="editingTools" pos="360,540" size="408,1080" controller="EditingTools" cursor_area="true">

				<sprite name="smxmenu_optionsmenu_background" depth="2" pos="60,0" width="408" anchor_top="#cam,0.5,1000" anchor_bottom="#cam,0.5,-1000" sprite="smxmenu_mainmenu_background" pivot="center" color="[smxmenu_element_background]" globalopacitymod="1.2" />

				<!--sprite name="smxmenu_optionsmenu_smx_logo" depth="3" pos="60,180" size="588,588" sprite="smxmenu_mainmenu_smx_logo" pivot="center" globalopacitymod="1.5" /-->

				<grid name="smxmenu_editingmenu_grid" depth="3" pos="50,-430" pivot="bottomleft" rows="4" cell_width="360" cell_height="70" repeat_content="false" arrangement="vertical">
					<smxmenu_mainmenubutton name="btnRwgPreviewer" width="360" height="65" pivot="center" caption_key="xuiRwgPreviewer" overflow="ShrinkContent" visible="false" />
					<smxmenu_mainmenubutton name="btnWorldEditor" width="360" height="65" pivot="center" caption_key="xuiWorldEditor" overflow="ShrinkContent" />
					<rect><sprite name="smxmenu_mainmenu_separation" depth="1" pos="-140,-28" width="301" height="5" sprite="smxlib_separation_line_2" color="[smxmenu_element_separation_2]" /></rect>
					<smxmenu_mainmenubutton name="btnPrefabEditor" width="360" height="65" pivot="center" caption_key="xuiPrefabEditor" overflow="ShrinkContent" />
				</grid>

				<widget anchor_left="#bottomleft,0,100" anchor_bottom="#bottomleft,0,80" anchor_right="#bottomleft,0,50" anchor_top="#bottomleft,0,90" pivot="bottomleft">
					<smxmenu_widgetbutton name="btnBack" width="180" height="65" pivot="center" caption_key="xuiBack" overflow="ShrinkContent" />
				</widget>
			</window>
		</append>


<!--	// SMX // Credits Window -->

		<set xpath="/windows/window[@name='credits']/widget/@anchor_left">#bottomleft,0,100</set>

		<append xpath="/windows/window[@name='credits']/widget">
			<smxmenu_widgetbutton name="btnBack" width="180" height="65" pivot="center" caption_key="xuiBack" overflow="ShrinkContent" />
		</append>

		<remove xpath="/windows/window[@name='credits']/widget/mainmenubutton" />


<!-- 	// SMX // Main Menu Clean Background -->

		<append xpath="/windows">
			<window name="smxmenuCleanBG" style="nonpaging.window" controller="WindowNonPagingHeader" />
		</append>

</SMXmenu>