<SMXmenu name="XUi_Menu/xui.xml">

<!--	// MODLET:			SMXmenu

		// EAC:				Friendly

		// VERSION:			r20.rc4

		// BUILD:			A20.5

		// DISCLAIMER:		Please be advised that this modlet is intended for use with the build mentioned above. That said it may very well be that
							it can be used with other builds with little to no risk of failure. It all depends on the standard files being updated or not
							and you can verify this by looking at the date of the standard files when an update have occured.

		// MOD DESCRIPTION:	The purpose of this modlet is to enhance the menu UI experience of 7 Days to Die. Please note that this modlet will enhance the
							main and in-game menu UI's only. If	you want to enhance the in-game HUD you can supplement this modlet with SMXhud. If you want
							to opt for a total in-game UI conversion you can supplement this modlet with SMXui.

		// DEPENDENCIES:	SMXcore.

		// TERMS OF USE:	1. You are allowed to use this modlet as is for your own personal use and/or on a server you run and/or administrate.

							2. You are under no circumstance allowed to distribute any SMX and/or ZMX branded modlets without written consent from the main developer.

							3. If you wish to distribute SMX and/or ZMX branded modlets as part of your own project and consent have been given you are required
							to do so in such a way so that all the files of the SMX and/or ZMX modlet or modlets in question remain unaltered and you cannot
							under any circumstance claim credit for creating the modlet or modlets or any of the files provided with it/them.

							4. If consent is given you are required to make the changes as a new modlet that injects into the modlet in question and
							keeping load order in mind it is to be named so that it loads AFTER the original modlet. The original modlet shall be distributed
							as is with no change to its files what so ever.

							5. If consent is given it is only given on a case to case basis and those that receive consent cannot pass that consent on to another
							party or project. Nor will the consent pass on to other creators that opt to include consented work into their project.

							6. You are not allowed to use any of the assets bundled with SMX and/or ZMX branded modlets in other projects. This restriction
							applies to all files that the SMX and/or ZMX modlets consist of. EXCEPTION: The content of the Harmony folder is to be considered
							open source and can be used freely as long as the original credit comments within the files are not removed or altered other than
							adding to.

							7. You are required to seek special consent from the main developer should you wish to make changes to any asset files provided with the
							SMX and/or ZMX branded modlets.

							8. You are required to inform the main developer when your project that contains any SMX and/or ZMX modlet or modlets have been made
							available to the public.

		// CREDITS:			Sirillion (main developer/designer/harmony/frontend/backend/author)
							sphereii (developer/harmony/backend), TormentedEmu (developer/harmony/backend), Laydor (developer/harmony/backend)

		// CONTRIBUTORS:	Mumpfy (art)
-->

<!--	// SMX // Main Menu Window -->

		<set xpath="/xui/ruleset[@name='default']/window_group[@name='mainMenu']">
			<window name="mainMenu" anchor="LeftBottom" />
			<window name="smxmenuChangeLogWindow" anchor="CenterBottom" />
		</set>


<!--	// SMX // Options Menu Window -->

		<set xpath="/xui/ruleset[@name='default']/window_group[@name='optionsMenu']">
			<window name="optionsMenu" anchor="LeftBottom" />
			<window name="mainMenuLogo" />
		</set>


<!--	// SMX // Options Menu Window -->

		<set xpath="/xui/ruleset[@name='default']/window_group[@name='editingTools']">
			<window name="editingTools" anchor="LeftBottom" />
			<window name="mainMenuLogo" />
		</set>


<!--	// SMX // Spawn Selection Window -->

		<set xpath="/xui/ruleset[@name='default']/window_group[@name='spawnselection']">
			<window name="spawnselection" />
			<!--window name="smxmenuCleanBG" /-->
		</set>

</SMXmenu>