<SMXui name="XUi/controls.xml">

<!--	// SMX // Drag & Drop Window -->

		<append xpath="/controls">
			<smxui_drag_item_stack>
				<rect controller="ItemStack" pos="0,0" width="86" height="86">
					<sprite name="background" depth="3" pos="0,0" width="1" height="1" type="sliced" pivot="center" color="{selectionbordercolor}" globalopacity="true" />
					<sprite name="itemIcon" depth="6" pos="0,0" size="86,86" atlas="ItemIconAtlas" sprite="{itemicon}" color="{iconcolor}" pivot="center" foregroundlayer="true" />
					<sprite name="durabilityBackground" depth="3" pos="0,-36" width="73" height="7" sprite="smxlib_item_durability_bar" pivot="center" color="[smxui_item_durability_background]" foregroundlayer="true" visible="{hasdurability}" />
					<sprite name="durability" depth="4" pos="0,-36" width="73" height="7" sprite="smxlib_item_durability_bar" type="filled" fill="{durabilityfill}" pivot="center" color="{durabilitycolor}" foregroundlayer="true" visible="{hasdurability}" />
					<label name="stackValue" depth="7" pos="0,-28" width="73" height="28" style="smxcore_label_normal" text="{itemcount}" font_size="20" pivot="center" justify="{#hasdurability ? 'Center' : 'Right'}" color="[smxui_element_labelcolor_1]" visible="{#!hasdurability}" />
					<!--label name="stackValue" depth="7" pos="0,-28" width="73" height="18" style="smxcore_label_normal" text="{itemcount}" font_size="14" pivot="center" justify="{#hasdurability ? 'Right' : 'Center'}" color="[smxhud_element_labelcolor_3]" visible="{hasdurability}" /-->
				</rect>
			</smxui_drag_item_stack>
		</append>


<!--	// SMX // Conversation Player Window -->

		<append xpath="/controls">
			<smxui_response_entry>
				<rect	width="340"
						height="36"
						style="press, hover, scroll"
						controller="DialogResponseEntry"
						enabled_color="${enabled_color}"
						disabled_color="${disabled_color}"
						row_color="${row_color}"
						hover_color="${hover_color}"
						sound="[recipe_click]"
						visible="{showresponse}">
					<sprite name="Icon" depth="5" pos="20,-20" size="20,20" sprite="ui_game_symbol_talk" pivot="center" color="{rowstatecolor}" globalopacitymod="1.8" />
					<label name="Text" depth="4" pos="200,-20" width="300" height="36" style="smxcore_label_normal" text="{response}{poi.name}" font_size="22" pivot="center" color="{rowstatecolor}" overflow="ShrinkContent" />
				</rect>
			</smxui_response_entry>
		</append>


<!--	// SMX // ComboBox - Locked Slots - Container -->

		<append xpath="/controls">
			<smxui_lockedslots_combobox_horizontal 	depth="3"
													pos="0,0"
													width="150" 
													height="46"
													value_min="@DEF"
													value_max="@DEF"
													value_wrap="@DEF"
													value_increment="@DEF"
													values="@DEF"
													reverse_list="@DEF"
													localization_prefix=""
													format_string=""
													enabled_color="[white]"
													disabled_color="[lightGrey]"
													visible="true"
													tooltip_key=""
													foregroundlayer="false">

				<rect	name="${name}"
						controller="${type}"
						depth="${depth}"
						pos="${pos}"
						width="${width}"
						height="${height}"
						pivot="center"
						visible="${visible}"
						value_min="${value_min}"
						value_max="${value_max}" 
						value_wrap="${value_wrap}" 
						value_increment="${value_increment}" 
						values="${values}"
						reverse_list="${reverse_list}" 
						localization_prefix="${localization_prefix}" 
						format_string="${format_string}" 
						enabled_color="${enabled_color}" 
						disabled_color="${disabled_color}">

					<button name="back" depth="${1+depth}" pos="23,0" size="25,25" style="press, hover, smxcore_icon_colors" sprite="ui_game_symbol_arrow_left" pivot="center" rotation="0" disabledcolor="[disabledColor]" sound_play_on_hover="[default_hover]" sound="[paging_click]" tooltip_key="${tooltip_key}" />

					<sprite name="background" depth="${1+depth}" pos="53,0" width="25" height="25" sprite="ui_game_symbol_lock" pivot="center" color="[smxui_lockslot_background]" foregroundlayer="${foregroundlayer}" />
					<sprite name="fill" depth="${2+depth}" pos="53,0" width="25" height="25" sprite="ui_game_symbol_lock" type="filled" fill="{fillvalue}" filldirection="vertical" pivot="center" color="[smxui_lockslot_foreground]" foregroundlayer="true" visible="{isnumber}" />

					<label name="currentValue" depth="${3+depth}" pos="83,-1" width="45" height="45" style="smxcore_label_normal" text="" font_size="22" pivot="center" justify="center" color="[smxui_element_labelcolor_1]" />

					<button name="forward" depth="${1+depth}" pos="110,0" size="25,25" style="press, hover, smxcore_icon_colors" sprite="ui_game_symbol_arrow_right" pivot="center" rotation="0" disabledcolor="[disabledColor]" sound_play_on_hover="[default_hover]" sound="[paging_click]" tooltip_key="${tooltip_key}" />
					<panel name="directvalue" depth="9" pos="41,12" width="25" height="25" style="press, scroll, hover, drag" pivot="center" disableautobackground="true" tooltip_key="${tooltip_key}">
						<sprite color="[transparent]" />
					</panel>

					<!-- SMX COMMENT: Disabled vanilla feature, not in use by SMX or vanilla. -->
					<!--rect name="indexMarkers"  pos="${2+height},${-height+5}" width="${width-height*2-4}" height="5" visible="{usesmarkers}" active_color="[white]" inactive_color="[darkGrey]">
						<sprite depth="${2+depth}" width="20" pivot="topleft" color="[white]" type="sliced" foregroundlayer="true" />
						<sprite depth="${2+depth}" width="20" pivot="topleft" color="[white]" type="sliced" foregroundlayer="true" />
						<sprite depth="${2+depth}" width="20" pivot="topleft" color="[white]" type="sliced" foregroundlayer="true" />
						<sprite depth="${2+depth}" width="20" pivot="topleft" color="[white]" type="sliced" foregroundlayer="true" />
						<sprite depth="${2+depth}" width="20" pivot="topleft" color="[white]" type="sliced" foregroundlayer="true" />
						<sprite depth="${2+depth}" width="20" pivot="topleft" color="[white]" type="sliced" foregroundlayer="true" />
						<sprite depth="${2+depth}" width="20" pivot="topleft" color="[white]" type="sliced" foregroundlayer="true" />
						<sprite depth="${2+depth}" width="20" pivot="topleft" color="[white]" type="sliced" foregroundlayer="true" />
						<sprite depth="${2+depth}" width="20" pivot="topleft" color="[white]" type="sliced" foregroundlayer="true" />
						<sprite depth="${2+depth}" width="20" pivot="topleft" color="[white]" type="sliced" foregroundlayer="true" />
					</rect-->
				</rect>
			</smxui_lockedslots_combobox_horizontal>
		</append>


<!--	// SMX // ComboBox - Locked Slots - Backpack -->

		<append xpath="/controls">
			<smxui_lockedslots_combobox_vertical	depth="3"
													pos="0,0" 
													width="46" 
													height="150"
													value_min="@DEF" 
													value_max="@DEF" 
													value_wrap="@DEF" 
													value_increment="@DEF" 
													values="@DEF" 
													reverse_list="@DEF"
													localization_prefix="" 
													format_string=""
													enabled_color="[white]" 
													disabled_color="[lightGrey]"
													visible="true" 
													tooltip_key="" 
													foregroundlayer="false">

				<rect	name="${name}"
						controller="${type}"
						depth="${depth}" 
						pos="${pos}" 
						width="${width}" 
						height="${height}" 
						pivot="center" 
						visible="${visible}"
						value_min="${value_min}" 
						value_max="${value_max}" 
						value_wrap="${value_wrap}" 
						value_increment="${value_increment}" 
						values="${values}"
						reverse_list="${reverse_list}" 
						localization_prefix="${localization_prefix}" 
						format_string="${format_string}" 
						enabled_color="${enabled_color}" 
						disabled_color="${disabled_color}">

					<button name="back" depth="${1+depth}" pos="23,-150" size="30,30" style="press, hover, smxcore_icon_colors" sprite="ui_game_symbol_arrow_left" pivot="center" rotation="90" disabledcolor="[disabledColor]" sound_play_on_hover="[default_hover]" sound="[paging_click]" tooltip_key="${tooltip_key}" />

					<sprite name="background" depth="${1+depth}" pos="23,-100" width="40" height="40" sprite="ui_game_symbol_lock" pivot="center" color="[smxui_lockslot_background]" foregroundlayer="${foregroundlayer}" />
					<sprite name="fill" depth="${2+depth}" pos="23,-100" width="40" height="40" sprite="ui_game_symbol_lock" type="filled" fill="{fillvalue}" filldirection="vertical" pivot="center" color="[smxui_lockslot_foreground]" foregroundlayer="true" visible="{isnumber}" />

					<label name="currentValue" depth="${3+depth}" pos="22,-55" width="45" height="45" style="smxcore_label_normal" text="" font_size="28" pivot="center" justify="center" color="[smxui_element_labelcolor_1]" />

					<button name="forward" depth="${1+depth}" pos="23,-15" size="30,30" style="press, hover, smxcore_icon_colors" sprite="ui_game_symbol_arrow_right" pivot="center" rotation="90" disabledcolor="[disabledColor]" sound_play_on_hover="[default_hover]" sound="[paging_click]" tooltip_key="${tooltip_key}" />
					<panel name="directvalue" pos="3,-75" width="40" height="50" style="press, scroll, hover, drag" pivot="center" disableautobackground="true" tooltip_key="${tooltip_key}">
						<sprite color="[transparent]" />
					</panel>

					<!-- SMX COMMENT: Disabled vanilla feature, not in use by SMX or vanilla. -->
					<!--rect name="indexMarkers"  pos="${2+height},${-height+5}" width="${width-height*2-4}" height="5" visible="{usesmarkers}" active_color="[white]" inactive_color="[darkGrey]">
						<sprite depth="${2+depth}" width="20" pivot="topleft" color="[white]" type="sliced" foregroundlayer="true" />
						<sprite depth="${2+depth}" width="20" pivot="topleft" color="[white]" type="sliced" foregroundlayer="true" />
						<sprite depth="${2+depth}" width="20" pivot="topleft" color="[white]" type="sliced" foregroundlayer="true" />
						<sprite depth="${2+depth}" width="20" pivot="topleft" color="[white]" type="sliced" foregroundlayer="true" />
						<sprite depth="${2+depth}" width="20" pivot="topleft" color="[white]" type="sliced" foregroundlayer="true" />
						<sprite depth="${2+depth}" width="20" pivot="topleft" color="[white]" type="sliced" foregroundlayer="true" />
						<sprite depth="${2+depth}" width="20" pivot="topleft" color="[white]" type="sliced" foregroundlayer="true" />
						<sprite depth="${2+depth}" width="20" pivot="topleft" color="[white]" type="sliced" foregroundlayer="true" />
						<sprite depth="${2+depth}" width="20" pivot="topleft" color="[white]" type="sliced" foregroundlayer="true" />
						<sprite depth="${2+depth}" width="20" pivot="topleft" color="[white]" type="sliced" foregroundlayer="true" />
					</rect-->
				</rect>
			</smxui_lockedslots_combobox_vertical>
		</append>


<!--	// SMX // Window Design - Backpack Content -->

		<append xpath="/controls">
			<smxui_window_design_content_inventory>
				<rect name="smxui_window_content" depth="${depth}" pos="20,-80" width="${width}" height="${height}">
					<sprite name="backdropWindow" depth="4" pos="0,-45" width="${cols*cell_width+20}" height="${rows*cell_height-30}" sprite="smxlib_window_background" flip="vertically" color="[smxui_element_backdrop_1]" globalopacitymod="1.1" />

					<rect name="content" depth="5" pos="0,0" width="${width}" height="${height}">

							<sprite name="backgroundMain" depth="5" pos="9,-9" width="${cols*cell_width+1}" height="${rows*cell_height+1}" sprite="menu_empty3px" type="sliced" color="[black]" on_press="true" />

							<grid name="inventory" depth="10" pos="${pos}" rows="${rows2}" cols="${cols}" cell_width="${cell_width}" cell_height="${cell_height}" controller="Quartz.Backpack, Quartz" repeat_content="true">
								<smxui_backpack_item_stack name="0" pos="0" pos2="0,0" size="18,18" size2="40,40" font_size="18" cell_width="${cell_width}" cell_height="${cell_height}" />
							</grid>
					</rect>

					<rect name="smxui_currency_module" depth="5" pos="0,${-height+60}" width="${width}" height="60">
						<sprite name="costIcon" depth="5" pos="20,-10" size="40,40" sprite="ui_game_symbol_coin" color="[smxui_element_iconcolor_1]" globalopacitymod="1.8" />
						<sprite name="background" depth="2" pos="69,-9" width="${width-80}" height="40" sprite="smxlib_window_input_background" color="[smxui_element_background]" globalopacitymod="1.2" />
						<sprite name="frameLeft" depth="3" pos="69,-12" width="2" height="36" sprite="smxlib_window_input_frame_left" color="[smxui_element_input_frame]" globalopacitymod="1.8" />
						<sprite name="frameTop" depth="4" pos="70,-9" width="${width-80}" height="3" sprite="smxlib_window_input_frame_top" color="[smxui_element_input_frame]" globalopacitymod="1.8" />
						<sprite name="frameRight" depth="3" pos="${width-12},-12" width="3" height="36" sprite="smxlib_window_input_frame_right" color="[smxui_element_input_frame]" globalopacitymod="1.8" />
						<sprite name="frameBottom" depth="4" pos="70,-46" width="${width-80}" height="3" sprite="smxlib_window_input_frame_bottom" color="[smxui_element_input_frame]" globalopacitymod="1.8" />
						<label name="currency" depth="4" pos="${width/2+18},-31" width="${width-80}" height="40" style="smxcore_window_title" text="{currencyamount}" font_size="32" justify="right" />
					</rect>
				</rect>
			</smxui_window_design_content_inventory>
		</append>


<!--	// SMX // Item Stack - Backpack --> <!-- FIX THIS LAST! -->

		<append xpath="/controls">
			<smxui_backpack_item_stack controller="Quartz.ItemStack, Quartz" on_scroll="false" allow_dropping="true" prefix_id="false">
				<rect controller="${controller}" width="${4+cell_width}" height="${4+cell_height}" style="hover, smxcore_item_stack" pivot="center" collider_scale="1.0" on_scroll="${on_scroll}" allow_dropping="${allow_dropping}" prefix_id="${prefix_id}" tooltip="{tooltip}">

					<sprite name="mainBackground" depth="0" pos="0,0" width="${cell_width-4}" height="${cell_height-4}" sprite="menu_empty" type="sliced" pivot="center" color="[smxui_slot_main_background]" globalopacitymod="1.3" />

					<sprite name="slotBackground" depth="1" pos="0,0" width="${cell_width-14}" height="${cell_height-14}" sprite="menu_empty" pivot="center" type="sliced" color="[smxhud_slot_slot_background]" globalopacity="true" />
					<sprite name="itemBackgroundDurability" depth="2" pos="0,3" width="${cell_width-9}" height="${cell_height-27}" sprite="smxlib_item_preview_background" pivot="center" rotation="45" color="{durabilitycolor}" globalopacitymod="0.8" visible="{hasdurability}" />
					<sprite name="itemBackgroundNormal" depth="2" pos="0,3" width="${cell_width-9}" height="${cell_height-27}" sprite="smxlib_item_preview_background" pivot="center" rotation="45" color="[smxhud_slot_item_background]" globalopacitymod="1.2" visible="{#!hasdurability}" />
					<sprite name="slotFrame" depth="3" pos="0,0" width="${cell_width-1}" height="${cell_height-1}" sprite="smxlib_slot_frame_narrow" pivot="center" color="{selectionbordercolor}" globalopacitymod="1.8" />

					<texture name="backgroundTexture" depth="4" pos="0,0" width="${cell_width-12}" height="${cell_height-12}" pivot="center" material="Materials/Transparent Colored" globalopacity="true" />

					<sprite name="disabledOverlay" depth="5" pos="0,0" width="${cell_width-4}" height="${cell_height-4}" type="sliced" pivot="center" color="[darkGrey_half_alpha]" visible="false" />

					<sprite name="itemIcon" depth="6" pos="0,0" size="${cell_width-8},${cell_height-8}" atlas="ItemIconAtlas" sprite="{itemicon}" pivot="center" color="{iconcolor}" foregroundlayer="true" />
					<sprite name="lockTypeIcon" depth="8" pos="${-cell_width/2+16-pos},${cell_height/2-16+pos}" size="${size}" sprite="{locktypeicon}" pivot="center" foregroundlayer="true" />
					<sprite name="itemtypeicon" depth="8" pos="${-cell_width/2+16-pos},${cell_height/2-16+pos}" size="${size}" sprite="ui_game_symbol_{itemtypeicon}" pivot="center" color="{itemtypeicontint}" foregroundlayer="true" visible="{hasitemtypeicon}" />
					<!--sprite name="lockedTypeicon" depth="8" pos="${-cell_width/2+12},${-cell_height/2+12}" size="14,14" sprite="ui_game_symbol_lock" pivot="center" color="[white]" foregroundlayer="true" visible="{isalockedslot}" /-->
					<!--sprite name="questtypeicon" depth="8" pos="${-cell_width/2+16-pos},${cell_height/2-16+pos}" size="${size}" sprite="{smxstacklockicon}" pivot="center" color="{itemtypeicontint}" foregroundlayer="true" visible="{isassemblelocked}" /--><!-- SMX DEV: Content Lock, feature not ready! -->

					<sprite name="durabilityBackground" depth="5" pos="0,${-cell_height/2+8}" width="${cell_width-12}" height="5" sprite="smxlib_item_durability_bar" pivot="center" color="[smxcore_item_durability_background]" foregroundlayer="true" visible="{hasdurability}" />
					<sprite name="durability" depth="6" pos="0,${-cell_height/2+8}" width="${cell_width-12}" height="5" sprite="smxlib_item_durability_bar" pivot="center" type="filled" fill="{durabilityfill}" color="{durabilitycolor}" foregroundlayer="true" visible="{hasdurability}" />

					<label name="stackValue" depth="7" pos="0,${-cell_height/2+12}" width="${cell_width-14}" height="18" style="smxcore_label_normal" text="{itemcount}" font_size="${font_size}" pivot="center" justify="{#hasdurability ? 'Center' : 'Right'}" color="[smxhud_element_labelcolor_1]" visible="{#!hasdurability}" />
					<!--label name="stackValue" depth="7" pos="0,${-cell_height/2+17}" width="${cell_width-14}" height="18" style="smxcore_label_normal" text="{itemcount}" font_size="14" pivot="center" justify="{#hasdurability ? 'Right' : 'Center'}" color="[smxhud_element_labelcolor_3]" visible="{hasdurability}" /-->
					<label name="timer" depth="7" pos="0,-2" width="${cell_width-6}" height="${cell_height-62}" style="smxcore_label_normal" font_size="${font_size}" upper_case="true" pivot="center" justify="center" color="[smxui_slot_timer_color]" />

					<sprite name="cancel" depth="14" pos="0,0" size="${cell_width-8},${cell_height-8}" sprite="ui_game_symbol_x" pivot="center" color="[smxui_slot_cancel_color]" foregroundlayer="true" visible="false" />
					<sprite name="assembleIcon" depth="13" pos="${pos2}" size="${size2}" sprite="{stacklockicon}" pivot="center" foregroundlayer="true" visible="{isassemblelocked}" />
					<!--sprite name="assembleIcon" depth="4" pos="${pos2}" width="${cell_width-1}" height="${cell_height-1}" sprite="smxlib_slot_frame_narrow" color="{smxstacklockcolor}" pivot="center" foregroundlayer="true" visible="{isassemblelocked}" /--><!-- SMX DEV: Content Lock, feature not ready! -->
				</rect>
			</smxui_backpack_item_stack>
		</append>

		<append xpath="/controls"> <!-- SMX COMMENT: DEPRECATED, remove when new system is finished! -->
			<smxui_backpack_item_stack_old controller="ItemStack" on_scroll="false" allow_dropping="true" prefix_id="false">
				<rect controller="${controller}" style="hover, smxui_backpack_item_stack" pivot="center" collider_scale="1.0" on_scroll="${on_scroll}" allow_dropping="${allow_dropping}" prefix_id="${prefix_id}" tooltip="{tooltip}">

					<sprite name="mainBackground" depth="0" pos="0,0" width="64" height="64" sprite="menu_empty" type="sliced" pivot="center" color="[smxui_slot_main_background]" globalopacitymod="1.3" />

					<sprite name="slotBackground" depth="1" pos="0,0" width="56" height="56" sprite="menu_empty" pivot="center" type="sliced" color="[smxui_slot_slot_background]" globalopacity="true" />
					<sprite name="itemBackgroundDurability" depth="2" pos="0,3" width="59" height="41" sprite="smxlib_item_preview_background" pivot="center" rotation="45" color="{durabilitycolor}" globalopacitymod="0.8" visible="{hasdurability}" />
					<sprite name="itemBackgroundNormal" depth="2" pos="0,3" width="59" height="41" sprite="smxlib_item_preview_background" pivot="center" rotation="45" color="[smxui_slot_item_background]" globalopacitymod="1.2" visible="{#!hasdurability}" />
					<sprite name="slotFrame" depth="3" pos="0,0" width="67" height="67" sprite="smxlib_slot_frame_narrow" pivot="center" color="{selectionbordercolor}" globalopacitymod="1.8" />

					<texture name="backgroundTexture" depth="4" pos="0,0" width="56" height="56" pivot="center" material="Materials/Transparent Colored" globalopacity="true" />

					<sprite name="disabledOverlay" depth="5" pos="0,0" width="64" height="64" pivot="center" type="sliced" color="[darkGrey_half_alpha]" visible="false" />

					<sprite name="itemIcon" depth="6" pos="0,0" size="60,60" atlas="ItemIconAtlas" sprite="{itemicon}" pivot="center" color="{iconcolor}" foregroundlayer="true" />
					<sprite name="lockTypeIcon" depth="8" pos="-20,20" size="18,18" sprite="{locktypeicon}" pivot="center" foregroundlayer="true" />
					<sprite name="itemtypeicon" depth="8" pos="-20,20" size="18,18" sprite="ui_game_symbol_{itemtypeicon}" pivot="center" color="{itemtypeicontint}" foregroundlayer="true" visible="{hasitemtypeicon}" />

					<sprite name="durabilityBackground" depth="5" pos="0,-26" width="56" height="5" sprite="smxlib_item_durability_bar" pivot="center" color="[smxui_item_durability_background]" foregroundlayer="true" visible="{hasdurability}" />
					<sprite name="durability" depth="6" pos="0,-26" width="56" height="5" sprite="smxlib_item_durability_bar" pivot="center" type="filled" fill="{durabilityfill}" color="{durabilitycolor}" foregroundlayer="true" visible="{hasdurability}" />

					<label name="stackValue" depth="7" pos="-1,-23" width="60" height="18" style="smxcore_label_normal" text="{itemcount}" font_size="18" pivot="center" justify="{#hasdurability ? 'Center' : 'Right'}" color="[smxui_element_labelcolor_1]" visible="{#!hasdurability}" />
					<label name="timer" depth="7" pos="0,-2" width="62" height="24" style="smxcore_label_normal" font_size="18" upper_case="true" pivot="center" justify="center" color="[smxui_slot_timer_color]" />

					<sprite name="cancel" depth="14" pos="0,0" size="60,60" sprite="ui_game_symbol_x" pivot="center" color="[smxui_slot_cancel_color]" foregroundlayer="true" visible="false" />
					<sprite name="assembleIcon" depth="13" pos="0,0" size="40,40" sprite="{stacklockicon}" pivot="center" foregroundlayer="true" visible="{isassemblelocked}" />
				</rect>
			</smxui_backpack_item_stack_old>
		</append>


<!--	// SMX // Item Stack --> <!-- SMX DEV: mainBackground must be installed on other item_stack windows too. -->

		<append xpath="/controls">
			<smxui_looting_item_stack controller="Quartz.ItemStack, Quartz" on_scroll="false" allow_dropping="true" prefix_id="false" show_favorites="false">
				<rect controller="${controller}" width="${4+cell_width}" height="${4+cell_height}" style="hover, smxcore_item_stack" pivot="center" collider_scale="1.0" on_scroll="${on_scroll}" allow_dropping="${allow_dropping}" prefix_id="${prefix_id}" show_favorites="${show_favorites}" tooltip="{tooltip}" >

					<sprite name="mainBackground" depth="0" pos="0,0" width="64" height="64" sprite="menu_empty" type="sliced" pivot="center" color="[smxui_slot_main_background]" globalopacitymod="1.3" />

					<sprite name="slotBackground" depth="1" pos="0,0" width="56" height="56" sprite="menu_empty" pivot="center" type="sliced" color="[smxui_slot_slot_background]" globalopacity="true" />
					<sprite name="itemBackgroundDurability" depth="2" pos="0,3" width="59" height="41" sprite="smxlib_item_preview_background" pivot="center" rotation="45" color="{durabilitycolor}" globalopacitymod="0.8" visible="{hasdurability}" />
					<sprite name="itemBackgroundNormal" depth="2" pos="0,3" width="59" height="41" sprite="smxlib_item_preview_background" pivot="center" rotation="45" color="[smxui_slot_item_background]" globalopacitymod="1.2" visible="{#!hasdurability}" />
					<sprite name="slotFrame" depth="3" pos="0,0" width="67" height="67" sprite="smxlib_slot_frame_narrow" pivot="center" color="{selectionbordercolor}" globalopacitymod="1.8" />

					<texture name="backgroundTexture" depth="4" pos="0,0" width="56" height="56" pivot="center" material="Materials/Transparent Colored" globalopacity="true" />

					<sprite name="disabledOverlay" depth="5" pos="0,0" width="64" height="64" pivot="center" type="sliced" color="[darkGrey_half_alpha]" visible="false" />

					<sprite name="itemIcon" depth="6" pos="0,0" size="60,60" atlas="ItemIconAtlas" sprite="{itemicon}" pivot="center" color="{iconcolor}" foregroundlayer="true" />
					<sprite name="lockTypeIcon" depth="8" pos="-20,20" size="18,18" sprite="{locktypeicon}" pivot="center" foregroundlayer="true" />
					<sprite name="itemtypeicon" depth="8" pos="-20,20" size="18,18" sprite="ui_game_symbol_{itemtypeicon}" pivot="center" color="{itemtypeicontint}" foregroundlayer="true" visible="{hasitemtypeicon}" />
					<sprite name="favoriteIcon" depth="8" pos="20,-20" size="18,18" sprite="server_favorite" pivot="center" color="[smxui_element_accentcolor_2]" foregroundlayer="true" visible="{isfavorite}" />

					<sprite name="durabilityBackground" depth="5" pos="0,-26" width="56" height="5" sprite="smxlib_item_durability_bar" pivot="center" color="[smxui_item_durability_background]" foregroundlayer="true" visible="{hasdurability}" />
					<sprite name="durability" depth="6" pos="0,-26" width="56" height="5" sprite="smxlib_item_durability_bar" pivot="center" type="filled" fill="{durabilityfill}" color="{durabilitycolor}" foregroundlayer="true" visible="{hasdurability}" />

					<label name="stackValue" depth="7" pos="-1,-23" width="60" height="18" style="smxcore_label_normal" text="{itemcount}" font_size="18" pivot="center" justify="{#hasdurability ? 'Center' : 'Right'}" color="[smxui_element_labelcolor_1]" visible="{#!hasdurability}" />
					<!--label name="stackValue" depth="7" pos="-1,-23" width="60" height="18" style="smxcore_label_normal" text="{itemcount}" font_size="14" pivot="center" justify="{#hasdurability ? 'Right' : 'Center'}" color="[smxhud_element_labelcolor_3]" visible="{hasdurability}" /-->
					<label name="timer" depth="7" pos="0,-2" width="62" height="24" style="smxcore_label_normal" font_size="18" upper_case="true" pivot="center" justify="center" color="[smxui_slot_timer_color]" />

					<sprite name="cancel" depth="14" pos="0,0" size="60,60" sprite="ui_game_symbol_x" pivot="center" color="[smxui_slot_cancel_color]" foregroundlayer="true" visible="false" />
					<sprite name="assembleIcon" depth="13" pos="0,0" size="40,40" sprite="{stacklockicon}" pivot="center" color="{stacklockcolor}" foregroundlayer="true" visible="{isassemblelocked}" />
				</rect>
			</smxui_looting_item_stack>
		</append>


<!--	// SMX // Item Stack -->

		<append xpath="/controls">
			<smxui_item_stack controller="ItemStack" on_scroll="false" allow_dropping="true" prefix_id="false" show_favorites="false">
				<rect controller="${controller}" style="hover, smxui_backpack_item_stack" pivot="center" collider_scale="1.0" on_scroll="${on_scroll}" allow_dropping="${allow_dropping}" prefix_id="${prefix_id}" show_favorites="${show_favorites}" tooltip="{tooltip}" >

					<sprite name="mainBackground" depth="0" pos="0,0" width="64" height="64" sprite="menu_empty" type="sliced" pivot="center" color="[smxui_slot_main_background]" globalopacitymod="1.3" />

					<sprite name="slotBackground" depth="1" pos="0,0" width="56" height="56" sprite="menu_empty" pivot="center" type="sliced" color="[smxui_slot_slot_background]" globalopacity="true" />
					<sprite name="itemBackgroundDurability" depth="2" pos="0,3" width="59" height="41" sprite="smxlib_item_preview_background" pivot="center" rotation="45" color="{durabilitycolor}" globalopacitymod="0.8" visible="{hasdurability}" />
					<sprite name="itemBackgroundNormal" depth="2" pos="0,3" width="59" height="41" sprite="smxlib_item_preview_background" pivot="center" rotation="45" color="[smxui_slot_item_background]" globalopacitymod="1.2" visible="{#!hasdurability}" />
					<sprite name="slotFrame" depth="3" pos="0,0" width="67" height="67" sprite="smxlib_slot_frame_narrow" pivot="center" color="{selectionbordercolor}" globalopacitymod="1.8" />

					<texture name="backgroundTexture" depth="4" pos="0,0" width="56" height="56" pivot="center" material="Materials/Transparent Colored" globalopacity="true" />

					<sprite name="disabledOverlay" depth="5" pos="0,0" width="64" height="64" pivot="center" type="sliced" color="[darkGrey_half_alpha]" visible="false" />

					<sprite name="itemIcon" depth="6" pos="0,0" size="60,60" atlas="ItemIconAtlas" sprite="{itemicon}" pivot="center" color="{iconcolor}" foregroundlayer="true" />
					<sprite name="lockTypeIcon" depth="8" pos="-20,20" size="18,18" sprite="{locktypeicon}" pivot="center" foregroundlayer="true" />
					<sprite name="itemtypeicon" depth="8" pos="-20,20" size="18,18" sprite="ui_game_symbol_{itemtypeicon}" pivot="center" color="{itemtypeicontint}" foregroundlayer="true" visible="{hasitemtypeicon}" />
					<sprite name="favoriteIcon" depth="8" pos="20,-20" size="18,18" sprite="server_favorite" pivot="center" color="[smxui_element_accentcolor_2]" foregroundlayer="true" visible="{isfavorite}" />

					<sprite name="durabilityBackground" depth="5" pos="0,-26" width="56" height="5" sprite="smxlib_item_durability_bar" pivot="center" color="[smxui_item_durability_background]" foregroundlayer="true" visible="{hasdurability}" />
					<sprite name="durability" depth="6" pos="0,-26" width="56" height="5" sprite="smxlib_item_durability_bar" pivot="center" type="filled" fill="{durabilityfill}" color="{durabilitycolor}" foregroundlayer="true" visible="{hasdurability}" />

					<label name="stackValue" depth="7" pos="-1,-23" width="60" height="18" style="smxcore_label_normal" text="{itemcount}" font_size="18" pivot="center" justify="{#hasdurability ? 'Center' : 'Right'}" color="[smxui_element_labelcolor_1]" visible="{#!hasdurability}" />
					<!--label name="stackValue" depth="7" pos="-1,-12" width="60" height="18" style="smxcore_label_normal" text="{itemcount}" font_size="14" pivot="center" justify="{#hasdurability ? 'Right' : 'Center'}" color="[smxhud_element_labelcolor_3]" visible="{hasdurability}" /-->
					<label name="timer" depth="7" pos="0,-2" width="62" height="24" style="smxcore_label_normal" font_size="18" upper_case="true" pivot="center" justify="center" color="[smxui_slot_timer_color]" />

					<sprite name="cancel" depth="14" pos="0,0" size="60,60" sprite="ui_game_symbol_x" pivot="center" color="[smxui_slot_cancel_color]" foregroundlayer="true" visible="false" />
					<sprite name="assembleIcon" depth="13" pos="0,0" size="40,40" sprite="{stacklockicon}" pivot="center" color="{stacklockcolor}" foregroundlayer="true" visible="{isassemblelocked}" />
				</rect>
			</smxui_item_stack>
		</append>


<!--	// SMX // Item Stack - Workstations (Preview Slots) --> <!-- SMX DEV: Revisit after release to compare and compress the different item_stack controls. -->

		<append xpath="/controls">
			<smxui_preview_item_stack controller="ItemStack" on_scroll="false" allow_dropping="true" prefix_id="false" show_favorites="false">
				<rect controller="${controller}" style="hover, smxui_backpack_item_stack" pivot="center" collider_scale="1.0" on_scroll="${on_scroll}" allow_dropping="${allow_dropping}" prefix_id="${prefix_id}" show_favorites="${show_favorites}" tooltip="{tooltip}" >

					<sprite name="mainBackground" depth="0" pos="0,0" width="64" height="64" sprite="menu_empty" type="sliced" pivot="center" color="[smxui_slot_main_background]" globalopacitymod="1.3" />

					<sprite name="slotBackground" depth="1" pos="0,0" width="56" height="56" sprite="menu_empty" pivot="center" type="sliced" color="[smxui_slot_slot_background]" globalopacity="true" />
					<sprite name="slotFrame" depth="3" pos="0,0" width="67" height="67" sprite="smxlib_slot_frame_narrow" pivot="center" color="{selectionbordercolor}" globalopacitymod="1.8" />

					<texture name="backgroundTexture" depth="4" pos="0,0" width="56" height="56" pivot="center" material="Materials/Transparent Colored" globalopacity="true" />

					<sprite name="disabledOverlay" depth="5" pos="0,0" width="64" height="64" pivot="center" type="sliced" color="[darkGrey_half_alpha]" visible="false" />

					<sprite name="itemIcon" depth="6" pos="0,0" size="60,60" atlas="ItemIconAtlas" sprite="{itemicon}" pivot="center" color="{iconcolor}" foregroundlayer="true" />
					<sprite name="lockTypeIcon" depth="8" pos="-20,20" size="18,18" sprite="{locktypeicon}" pivot="center" foregroundlayer="true" />
					<sprite name="itemtypeicon" depth="8" pos="-20,20" size="18,18" sprite="ui_game_symbol_{itemtypeicon}" pivot="center" color="{itemtypeicontint}" foregroundlayer="true" visible="{hasitemtypeicon}" />
					<sprite name="favoriteIcon" depth="8" pos="20,-20" size="18,18" sprite="server_favorite" pivot="center" color="[smxui_element_accentcolor_2]" foregroundlayer="true" visible="{isfavorite}" />

					<sprite name="durabilityBackground" depth="5" pos="0,-26" width="56" height="5" sprite="smxlib_item_durability_bar" pivot="center" color="[smxui_item_durability_background]" foregroundlayer="true" visible="{hasdurability}" />
					<sprite name="durability" depth="6" pos="0,-26" width="56" height="5" sprite="smxlib_item_durability_bar" pivot="center" type="filled" fill="{durabilityfill}" color="{durabilitycolor}" foregroundlayer="true" visible="{hasdurability}" />

					<label name="stackValue" depth="7" pos="-1,-23" width="60" height="18" style="smxcore_label_normal" text="{itemcount}" font_size="18" pivot="center" justify="{#hasdurability ? 'Center' : 'Right'}" color="[smxui_element_labelcolor_1]" visible="{#!hasdurability}" />
					<!--label name="stackValue" depth="7" pos="-1,-23" width="60" height="18" style="smxcore_label_normal" text="{itemcount}" font_size="14" pivot="center" justify="{#hasdurability ? 'Right' : 'Center'}" color="[smxhud_element_labelcolor_3]" visible="{hasdurability}" /-->
					<label name="timer" depth="7" pos="0,-2" width="62" height="24" style="smxcore_label_normal" font_size="18" upper_case="true" pivot="center" justify="center" color="[smxui_slot_timer_color]" />

					<sprite name="cancel" depth="14" pos="0,0" size="60,60" sprite="ui_game_symbol_x" pivot="center" color="[smxui_slot_cancel_color]" foregroundlayer="true" visible="false" />
					<sprite name="assembleIcon" depth="13" pos="0,0" size="40,40" sprite="{stacklockicon}" pivot="center" color="{stacklockcolor}" foregroundlayer="true" visible="{isassemblelocked}" />
				</rect>
			</smxui_preview_item_stack>
		</append>


<!--	// SMX // Item Stack - Workstation Output --> <!-- SMX DEV: Revisit after release to compare and compress the different item_stack controls. -->

		<append xpath="/controls">
			<smxui_output_item_stack controller="ItemStack" on_scroll="false" allow_dropping="true" prefix_id="false" show_favorites="false">
				<rect controller="${controller}" style="hover, smxui_backpack_item_stack" pivot="center" collider_scale="1.0" on_scroll="${on_scroll}" allow_dropping="${allow_dropping}" prefix_id="${prefix_id}" show_favorites="${show_favorites}" tooltip="{tooltip}" >

					<sprite name="mainBackground" depth="0" pos="0,0" width="64" height="64" sprite="menu_empty" type="sliced" pivot="center" color="[smxui_slot_main_background]" globalopacitymod="1.3" />

					<sprite name="slotBackground" depth="1" pos="0,0" width="56" height="56" sprite="menu_empty" pivot="center" type="sliced" color="[smxui_slot_slot_background]" globalopacity="true" />
					<sprite name="itemBackgroundNormal" depth="2" pos="0,0" width="25" height="25" sprite="smxlib_ui_game_symbol_workstation_output" pivot="center" rotation="0" color="[smxui_slot_item_background]" globalopacitymod="1.2" />
					<sprite name="slotFrame" depth="3" pos="0,0" width="67" height="67" sprite="smxlib_slot_frame_narrow" pivot="center" color="{selectionbordercolor}" globalopacitymod="1.8" />

					<texture name="backgroundTexture" depth="4" pos="0,0" width="56" height="56" pivot="center" material="Materials/Transparent Colored" globalopacity="true" />

					<sprite name="disabledOverlay" depth="5" pos="0,0" width="64" height="64" pivot="center" type="sliced" color="[darkGrey_half_alpha]" visible="false" />

					<sprite name="itemIcon" depth="6" pos="0,0" size="60,60" atlas="ItemIconAtlas" sprite="{itemicon}" pivot="center" color="{iconcolor}" foregroundlayer="true" />
					<sprite name="lockTypeIcon" depth="8" pos="-20,20" size="18,18" sprite="{locktypeicon}" pivot="center" foregroundlayer="true" />
					<sprite name="itemtypeicon" depth="8" pos="-20,20" size="18,18" sprite="ui_game_symbol_{itemtypeicon}" pivot="center" color="{itemtypeicontint}" foregroundlayer="true" visible="{hasitemtypeicon}" />
					<sprite name="favoriteIcon" depth="8" pos="20,-20" size="18,18" sprite="server_favorite" pivot="center" color="[smxui_element_accentcolor_2]" foregroundlayer="true" visible="{isfavorite}" />

					<sprite name="durabilityBackground" depth="5" pos="0,-26" width="56" height="5" sprite="smxlib_item_durability_bar" pivot="center" color="[smxui_item_durability_background]" foregroundlayer="true" visible="{hasdurability}" />
					<sprite name="durability" depth="6" pos="0,-26" width="56" height="5" sprite="smxlib_item_durability_bar" pivot="center" type="filled" fill="{durabilityfill}" color="{durabilitycolor}" foregroundlayer="true" visible="{hasdurability}" />

					<label name="stackValue" depth="7" pos="-1,-23" width="60" height="18" style="smxcore_label_normal" text="{itemcount}" font_size="18" pivot="center" justify="{#hasdurability ? 'Center' : 'Right'}" color="[smxui_element_labelcolor_1]" visible="{#!hasdurability}" />
					<!--label name="stackValue" depth="7" pos="-1,-23" width="60" height="18" style="smxcore_label_normal" text="{itemcount}" font_size="14" pivot="center" justify="{#hasdurability ? 'Right' : 'Center'}" color="[smxhud_element_labelcolor_3]" visible="{hasdurability}" /-->
					<label name="timer" depth="7" pos="0,-2" width="62" height="24" style="smxcore_label_normal" font_size="18" upper_case="true" pivot="center" justify="center" color="[smxui_slot_timer_color]" />

					<sprite name="cancel" depth="14" pos="0,0" size="60,60" sprite="ui_game_symbol_x" pivot="center" color="[smxui_slot_cancel_color]" foregroundlayer="true" visible="false" />
					<sprite name="assembleIcon" depth="13" pos="0,0" size="40,40" sprite="{stacklockicon}" pivot="center" color="{stacklockcolor}" foregroundlayer="true" visible="{isassemblelocked}" />
				</rect>
			</smxui_output_item_stack>
		</append>


<!--	// SMX // Tool Stack --> <!-- SMX DEV: Revisit after release to compare and compress the different item_stack controls. -->

		<append xpath="/controls">
			<smxui_tool_item_stack controller="ItemStack" on_scroll="false" allow_dropping="true" prefix_id="false" show_favorites="false">
				<rect controller="${controller}" style="hover, smxui_backpack_item_stack" pivot="center" collider_scale="1.0" on_scroll="${on_scroll}" allow_dropping="${allow_dropping}" prefix_id="${prefix_id}" show_favorites="${show_favorites}" tooltip="{tooltip}" >

					<sprite name="mainBackground" depth="0" pos="0,0" width="64" height="64" sprite="menu_empty" type="sliced" pivot="center" color="[smxui_slot_main_background]" globalopacitymod="1.3" />

					<sprite name="slotBackground" depth="1" pos="0,0" width="56" height="56" sprite="menu_empty" pivot="center" type="sliced" color="[smxui_slot_slot_background]" globalopacity="true" />
					<sprite name="itemBackgroundDurability" depth="2" pos="0,3" width="59" height="41" sprite="smxlib_item_preview_background" pivot="center" rotation="45" color="{durabilitycolor}" globalopacitymod="0.8" visible="{hasdurability}" />
					<sprite name="itemBackgroundNormal" depth="2" pos="0,3" width="59" height="41" sprite="smxlib_item_preview_background" pivot="center" rotation="45" color="[smxui_slot_item_background]" globalopacitymod="1.2" visible="{#!hasdurability}" />
					<sprite name="slotFrame" depth="3" pos="0,0" width="67" height="67" sprite="smxlib_slot_frame_narrow" pivot="center" color="{selectionbordercolor}" globalopacitymod="1.8" />

					<texture name="backgroundTexture" depth="4" pos="0,0" width="56" height="56" pivot="center" material="Materials/Transparent Colored" globalopacity="true" />

					<sprite name="disabledOverlay" depth="5" pos="0,0" width="64" height="64" pivot="center" type="sliced" color="[darkGrey_half_alpha]" visible="false" />

					<sprite name="itemIcon" depth="6" pos="0,0" size="60,60" atlas="ItemIconAtlas" sprite="{itemicon}" pivot="center" color="{iconcolor}" foregroundlayer="true" />
					<sprite name="lockTypeIcon" depth="8" pos="-20,20" size="18,18" sprite="{locktypeicon}" pivot="center" foregroundlayer="true" />
					<sprite name="itemtypeicon" depth="8" pos="-20,20" size="18,18" sprite="ui_game_symbol_{itemtypeicon}" pivot="center" color="{itemtypeicontint}" foregroundlayer="true" visible="{hasitemtypeicon}" />
					<sprite name="favoriteIcon" depth="8" pos="20,-20" size="18,18" sprite="server_favorite" pivot="center" color="[smxui_element_accentcolor_2]" foregroundlayer="true" visible="{isfavorite}" />

					<sprite name="durabilityBackground" depth="5" pos="0,-26" width="56" height="5" sprite="smxlib_item_durability_bar" pivot="center" color="[smxui_item_durability_background]" foregroundlayer="true" visible="{hasdurability}" />
					<sprite name="durability" depth="6" pos="0,-26" width="56" height="5" sprite="smxlib_item_durability_bar" pivot="center" type="filled" fill="{durabilityfill}" color="{durabilitycolor}" foregroundlayer="true" visible="{hasdurability}" />

					<label name="stackValue" depth="7" pos="-1,-23" width="60" height="18" style="smxcore_label_normal" text="{itemcount}" font_size="18" pivot="center" justify="{#hasdurability ? 'Center' : 'Right'}" color="[smxui_element_labelcolor_1]" visible="{#!hasdurability}" />
					<!--label name="stackValue" depth="7" pos="-1,-23" width="60" height="18" style="smxcore_label_normal" text="{itemcount}" font_size="14" pivot="center" justify="{#hasdurability ? 'Right' : 'Center'}" color="[smxhud_element_labelcolor_3]" visible="{hasdurability}" /-->
					<label name="timer" depth="7" pos="0,-2" width="62" height="24" style="smxcore_label_normal" font_size="18" upper_case="true" pivot="center" justify="center" color="[smxui_slot_timer_color]" />

					<sprite name="cancel" depth="14" pos="0,0" size="60,60" sprite="ui_game_symbol_x" pivot="center" color="[smxui_slot_cancel_color]" foregroundlayer="true" visible="false" />
					<sprite name="assembleIcon" depth="13" pos="0,-18" size="18,18" sprite="{stacklockicon}" pivot="center" color="{stacklockcolor}" foregroundlayer="true" visible="{isassemblelocked}" />
				</rect>
			</smxui_tool_item_stack>
		</append>


<!--	// SMX // Item Info PartList Design --> <!-- SMX DEV: Revisit after release to compare and compress the different item_stack controls. -->

		<append xpath="/controls">
			<smxui_partlist_item_stack controller="ItemStack" on_scroll="false" allow_dropping="true" prefix_id="false" show_favorites="false">
				<rect controller="${controller}" style="hover, smxui_partlist_item_stack" pivot="center" collider_scale="1.0" on_scroll="${on_scroll}" allow_dropping="${allow_dropping}" prefix_id="${prefix_id}" show_favorites="${show_favorites}" tooltip="{tooltip}">

					<sprite name="mainBackground" depth="0" pos="0,0" width="64" height="64" sprite="menu_empty" type="sliced" pivot="center" color="[smxui_slot_main_background]" globalopacitymod="1.3" />

					<sprite name="background" depth="1" pos="0,0" width="56" height="56" style="press" sprite="menu_empty" pivot="center" type="sliced" color="[smxui_slot_slot_background]" on_hover="true" globalopacity="true" tooltip="{tooltip}"/>
					<sprite name="itemBackgroundNormal" depth="2" pos="0,0" width="25" height="25" sprite="${sprite}" pivot="center" rotation="0" color="[smxui_slot_item_background]" globalopacitymod="1.2" visible="{isempty}" />
					<sprite name="slotFrame" depth="3" pos="0,0" width="67" height="67" sprite="smxlib_slot_frame_narrow" pivot="center" color="[smxui_slot_frame_normal]" globalopacitymod="1.8" />

					<texture name="backgroundTexture" depth="4" pos="0,0" width="42" height="42" pivot="center" material="Materials/Transparent Colored" globalopacity="true" />
					<sprite name="disabledOverlay" depth="5" pos="0,0" width="50" height="50" pivot="center" type="sliced" color="[darkGrey_half_alpha]" visible="false" />

					<sprite name="itemIcon" depth="6" pos="0,0" size="60,60" atlas="ItemIconAtlas" sprite="{itemicon}" pivot="center" color="{iconcolor}" foregroundlayer="true" />
					<sprite name="lockTypeIcon" depth="8" pos="-20,20" size="18,18" sprite="{locktypeicon}" pivot="center" foregroundlayer="true" />
					<sprite name="itemtypeicon" depth="8" pos="-20,20" size="18,18" sprite="ui_game_symbol_{itemtypeicon}" pivot="center" color="{itemtypeicontint}" foregroundlayer="true" visible="{hasitemtypeicon}" />

					<sprite name="durabilityBackground" depth="5" pos="0,-26" width="42" height="5" sprite="smxlib_item_durability_bar" pivot="center" color="[smxui_item_durability_background]" foregroundlayer="true" visible="{hasdurability}" />
					<sprite name="durability" depth="6" pos="0,-26" width="42" height="5" sprite="smxlib_item_durability_bar" pivot="center" type="filled" fill="{durabilityfill}" color="{durabilitycolor}" foregroundlayer="true" visible="{hasdurability}" />

					<label name="stackValue" depth="7" pos="-1,-23" width="46" height="18" style="smxcore_label_normal" text="{itemcount}" font_size="18" pivot="center" justify="{#hasdurability ? 'Center' : 'Right'}" color="[smxui_element_labelcolor_1]" visible="{#!hasdurability}" />
					<!--label name="stackValue" depth="7" pos="-1,-23" width="46" height="18" style="smxcore_label_normal" text="{itemcount}" font_size="14" pivot="center" justify="{#hasdurability ? 'Right' : 'Center'}" color="[smxhud_element_labelcolor_3]" visible="{hasdurability}" /-->
					<label name="timer" depth="7" pos="0,-2" width="62" height="24" style="smxcore_label_normal" font_size="18" upper_case="true" pivot="center" justify="center" color="[smxui_slot_timer_color]" />

					<sprite name="cancel" depth="14" pos="0,0" size="46,46" sprite="ui_game_symbol_x" pivot="center" color="[smxui_slot_cancel_color]" foregroundlayer="true" visible="false" />
					<sprite name="assembleIcon" depth="13" pos="0,0" size="26,26" sprite="{stacklockicon}" pivot="center" foregroundlayer="true" visible="{isassemblelocked}" />
				</rect>
			</smxui_partlist_item_stack>
		</append>


<!--	// SMX // Character Equipment --> <!-- SMX DEV: Revisit after release to compare and compress the different item_stack controls. -->

		<append xpath="/controls">
			<smxui_equipment_stack>
				<rect controller="EquipmentStack" depth="1" style="hover, smxui_backpack_item_stack" pivot="center" hover_border_color="[white]" selected_border_color="[white]" tooltip="test">
					<sprite name="backgroundMain" depth="0" pos="0,0" width="68" height="68" sprite="menu_empty3px" pivot="center" type="sliced" color="[smxui_slot_main_background]" /> <!-- SMX DEV: Correct color ref? -->
					<sprite name="background2" depth="1" pos="0,0" width="56" height="56" sprite="menu_empty" pivot="center" type="sliced" color="[smxui_slot_slot_background]" globalopacity="true" />
					<sprite name="background" depth="3" pos="0,0" width="67" height="67" sprite="smxlib_slot_frame_narrow" pivot="center" color="{selectionbordercolor}" globalopacitymod="1.8" />

					<sprite name="itemIcon" depth="6" pos="0,0" size="60,60" atlas="ItemIconAtlas" sprite="{itemicon}" pivot="center" color="{iconcolor}" foregroundlayer="true" />
					<sprite name="lockTypeIcon" depth="8" pos="-20,20" size="18,18" sprite="{locktypeicon}" pivot="center" foregroundlayer="true" />

					<sprite name="durabilityBackground" depth="5" pos="0,-26" width="56" height="5" sprite="smxlib_item_durability_bar" pivot="center" color="[smxui_item_durability_background]" foregroundlayer="true" visible="{hasdurability}" />
					<sprite name="durability" depth="6" pos="0,-26" width="56" height="5" sprite="smxlib_item_durability_bar" pivot="center" type="filled" fill="{durabilityfill}" color="{durabilitycolor}" foregroundlayer="true" visible="{hasdurability}" />

					<label name="stackValue" depth="7" pos="99999,99999" width="60" height="18" style="smxcore_label_normal" text="{itemcount}" font_size="18" pivot="center" justify="center" color="[smxui_element_labelcolor_1]" />
					<!--label name="stackValue" depth="7" pos="-1,-23" width="60" height="18" style="smxcore_label_normal" text="{itemcount}" font_size="14" pivot="center" justify="{#hasdurability ? 'Right' : 'Center'}" color="[smxhud_element_labelcolor_3]" visible="{#!hasdurability}" /-->
				</rect>
			</smxui_equipment_stack>
		</append>


<!--	// SMX // Active Buffs Entry --> <!-- SMX DEV: Revisit after release to compare and compress the different item_stack controls. -->

		<append xpath="/controls">
			<smxui_active_buff_entry>
				<rect controller="ActiveBuffEntry" width="68" height="74" style="press" on_hover="true" on_scroll="true" pivot="center" sound_play_on_hover="[default_hover]" sound="[recipe_click]" tooltip="{buffname}">

					<!--sprite name="mainBackground" depth="0" pos="0,0" width="${cell_width-4}" height="${cell_height-4}" sprite="menu_empty" type="sliced" pivot="center" color="[smxui_slot_main_background]" globalopacitymod="1.3" />

					<sprite name="slotBackground" depth="1" pos="0,0" width="${cell_width-14}" height="${cell_height-14}" sprite="menu_empty" pivot="center" type="sliced" color="[smxhud_slot_slot_background]" globalopacity="true" />
					<sprite name="itemBackgroundDurability" depth="2" pos="0,3" width="${cell_width-9}" height="${cell_height-27}" sprite="smxlib_item_preview_background" pivot="center" rotation="45" color="{durabilitycolor}" globalopacitymod="0.8" visible="{hasdurability}" />
					<sprite name="itemBackgroundNormal" depth="2" pos="0,3" width="${cell_width-9}" height="${cell_height-27}" sprite="smxlib_item_preview_background" pivot="center" rotation="45" color="[smxhud_slot_item_background]" globalopacitymod="1.2" visible="{#!hasdurability}" />
					<sprite name="slotFrame" depth="3" pos="0,0" width="${cell_width-1}" height="${cell_height-1}" sprite="smxlib_slot_frame_narrow" pivot="center" color="{selectionbordercolor}" globalopacitymod="1.8" /-->


					<sprite name="mainBackground" depth="0" pos="0,0" width="${cell_width-4}" height="${cell_height-4}" sprite="menu_empty" type="sliced" pivot="center" color="[smxui_slot_main_background]" globalopacitymod="1.3" />
					<sprite name="slotBackground" depth="1" pos="0,0" width="${cell_width-14}" height="${cell_height-14}" sprite="menu_empty" type="sliced" pivot="center" color="[smxui_slot_slot_background]" globalopacity="true" />
					<!--sprite name="slotBackground" depth="2" pos="0,0" width="62" height="66" sprite="smxlib_window_background" pivot="center" flip="horizontally" color="[smxui_element_background]" globalopacitymod="1.1" /-->
					<!--sprite name="itemBackgroundNormal" depth="3" pos="0,0" width="25" height="25" sprite="ui_game_symbol_muscle" pivot="center" rotation="0" color="[smxui_slot_item_background]" globalopacitymod="1.2" /-->
					<sprite name="background" depth="4" pos="0,0" width="${cell_width-1}" height="${cell_height-1}" sprite="smxlib_slot_frame_narrow" pivot="center" color="[smxui_slot_frame_normal]" globalopacitymod="1.8" />
					<sprite name="buffIcon" depth="6" pos="0,5" size="50,50" sprite="{bufficon|once}" pivot="center" color="{buffcolor}" globalopacitymod="1.8" />
					<label name="buffValue" depth="7" pos="0,-26" width="56" height="18" style="smxcore_label_normal" text="{buffdisplayinfo}" font_size="18" pivot="center" justify="right" color="[smxui_element_labelcolor_2]" />
				</rect>
			</smxui_active_buff_entry>
		</append>


<!--	// SMX // Crafting Queue -->

		<append xpath="/controls">
			<smxui_crafting_recipe_stack>
				<rect controller="RecipeStack" width="68" height="68" pivot="center" collider_scale="1.0">

					<sprite name="mainBackground" depth="0" pos="0,0" width="64" height="64" sprite="menu_empty" type="sliced" pivot="center" color="[smxui_slot_main_background]" globalopacitymod="1.3" />
					
					<sprite name="background" depth="1" pos="0,0" width="56" height="56" style="press" sprite="menu_empty" pivot="center" type="sliced" color="[smxui_slot_slot_background]" on_hover="true" globalopacity="true" />
					<sprite name="itemBackgroundNormal" depth="2" pos="0,0" width="25" height="25" sprite="ui_game_symbol_clock" pivot="center" rotation="0" color="[smxui_slot_item_background]" globalopacitymod="1.2" />
					<sprite name="slotFrame" depth="3" pos="0,0" width="67" height="67" sprite="smxlib_slot_frame_narrow" pivot="center" color="[smxui_slot_frame_normal]" globalopacitymod="1.8" />

					<sprite name="itemIcon" depth="4" pos="0,0" size="60,60" atlas="ItemIconAtlas" sprite="" pivot="center" foregroundlayer="true" />
					<sprite name="lockIcon" depth="5" pos="-20,20" size="18,18" sprite="ui_game_symbol_hammer" pivot="center" foregroundlayer="true" visible="false" />

					<label name="count" depth="5" pos="-1,-23" size="60,18" style="smxcore_label_normal" text="{itemcount}" font_size="18" pivot="center" justify="right" color="[smxui_element_labelcolor_1]" />
					<label name="timer" depth="5" pos="0,-2" size="62,24" style="smxcore_label_normal" font_size="20" pivot="center" justify="center" upper_case="true" color="[smxui_slot_timer_color]" />

					<sprite name="overlay" depth="2" width="68" height="68" color="32,32,32,128" type="sliced" />
					<sprite name="cancel" depth="9" pos="0,0" size="60,60" sprite="ui_game_symbol_x" pivot="center" color="[smxui_slot_cancel_color]" foregroundlayer="true" visible="false" />
				</rect>
			</smxui_crafting_recipe_stack>
		</append>


<!--	// SMX // Assembly & Vehicle Item Part Slots -->

		<append xpath="/controls">
			<smxui_item_part_slot>
				<rect controller="${controller}" width="${4+cell_width}" height="${4+cell_height}" background_color="[smxhud_slot_slot_background]" highlight_color="[lightGrey]" style="hover, smxcore_item_stack" pivot="center" collider_scale="1.0" tooltip="{partname}" sound_play_on_hover="[default_hover]">

					<sprite name="mainBackground" depth="0" pos="0,0" width="${cell_width-4}" height="${cell_height-4}" sprite="menu_empty" type="sliced" pivot="center" color="[smxui_slot_main_background]" globalopacitymod="1.3" />

					<sprite name="background" depth="1" pos="0,0" width="${cell_width-14}" height="${cell_height-14}" sprite="menu_empty" pivot="center" type="sliced" color="[smxhud_slot_slot_background]" globalopacity="true" />
					<sprite name="itemBackgroundNormal" depth="2" pos="0,0" size="${cell_width-38},${cell_height-38}" sprite="${sprite}" pivot="center" rotation="0" color="[smxhud_slot_item_background]" globalopacitymod="1.2" visible="{#!partvisible}" />

					<sprite name="slotFrame" depth="3" pos="0,0" width="${cell_width-1}" height="${cell_height-1}" sprite="smxlib_slot_frame_narrow" pivot="center" color="${color}" globalopacitymod="1.8" />
					<sprite name="itemIcon" depth="6" pos="0,0" size="${cell_width-8},${cell_height-8}" atlas="{partatlas}" sprite="{particon}" pivot="center" color="{particoncolor}" foregroundlayer="true" visible="${visible}" />

					<label name="itemInfo" depth="7" pos="130,-10" width="130" height="34" style="smxcore_label_normal" text="${text}" font_size="28" pivot="center" justify="center" upper_case="true" color="[smxui_element_labelcolor_1]" />
				</rect>
			</smxui_item_part_slot>
		</append>


<!--	// SMX // Item Info - Action Menu --> <!-- SMX DEV: Revisit after release to clean up the controller on the backend. -->

		<append xpath="/controls">
			<smxui_item_action_entry>
				<rect controller="ItemActionEntry" width="${width}" height="${height}" disabled_font_color="[darkGrey]" default_font_color="[white]" default_background_color="[lightGrey]">
					<sprite name="Icon" depth="3" pos="23,-23" size="40,40" sprite="{actionicon}" pivot="center" color="{statuscolor}" foregroundlayer="true" />
					<sprite name="background" depth="4" pos="23,-23" size="40,40" sprite="{actionicon}" color="{statuscolor}" pivot="center" foregroundlayer="true" on_hover="true" on_press="true" sound_play_on_hover="[default_hover]" sound="[paging_click]" tooltip="{actionname}" />
					<label name="Name" depth="5" pos="99999,99999" size="40,20" style="smxcore_label_normal" text="{actionname}" font_size="14" pivot="center" justify="center" upper_case="true" color="{statuscolor}" overflow="ShrinkContent" />
					<gamepad_icon name="gamepadIcon" depth="5" pos="23,-52" pivot="center" />
					<label name="keyboardButton" depth="6" pos="23,-52" size="40,20" style="smxcore_label_normal" text="&lt;W&gt;" font_size="16" pivot="center" justify="center" upper_case="true" color="{statuscolor}" overflow="ShrinkContent" />
				</rect>
			</smxui_item_action_entry>
		</append>


<!--	// SMX // General Counter - Input -->

		<append xpath="/controls">
			<smxui_counter_control_input>
				<panel	depth="${depth}"
						pos="${pos}" 
						size="46,33" 
						controller="TextInput"
						value="1" 
						character_limit="5" 
						validation="integer" 
						style="select" 
						on_press="true" 
						snapCursor="true" 
						virtual_keyboard_prompt="vkPromptCount"
						active_text_color="[white]" 
						caret_color="[white]" 
						selection_color="[mediumGrey_half_alpha]" 
						backgroundcolor="[black]">
					<sprite name="background" depth="1" pos="3,-3" width="40" height="30" color="[smxcore_element_backdrop_2]" type="sliced" />

					<sprite name="frameLeft" depth="4" pos="0,-2" width="2" height="33" sprite="smxlib_window_input_frame_left" color="[smxui_element_input_frame]" globalopacitymod="1.8" />
					<sprite name="frameTop" depth="5" pos="0,0" width="44" height="3" sprite="smxlib_window_input_frame_top" color="[smxui_element_input_frame]" globalopacitymod="1.8" />
					<sprite name="frameRight" depth="4" pos="43,-2" width="3" height="33" sprite="smxlib_window_input_frame_right" color="[smxui_element_input_frame]" globalopacitymod="1.8" />
					<sprite name="frameBottom" depth="5" pos="0,-33" width="44" height="3" sprite="smxlib_window_input_frame_bottom" color="[smxui_element_input_frame]" globalopacitymod="1.8" />

					<label name="text" depth="2" pos="23,-18" width="42" height="26" style="smxcore_label_normal" font_size="24" pivot="center" justify="center" overflow="ShrinkContent" />
				</panel>
			</smxui_counter_control_input>
		</append>


<!--	// SMX // General Counter -->

		<append xpath="/controls">
			<smxui_counter_control>
				<rect name="smxui_counter_control" depth="3" pos="0,-20" width="46" height="150" collider_scale="0.8">

					<smxui_counter_control_input name="count_input" depth="2" pos="0,-60" />

					<button name="countMax" depth="3" pos="23,5" size="30,30" style="press, hover, smxcore_icon_colors" sprite="ui_game_symbol_arrow_max" pivot="center" rotation="90" disabledcolor="[disabledColor]" sound_play_on_hover="[default_hover]" sound="[paging_click]" tooltip="All Available" />
					<button name="countUp" depth="3" pos="23,-30" size="30,30" style="press, hover, held, smxcore_icon_colors" sprite="ui_game_symbol_arrow_left" pivot="center" rotation="-90" disabledcolor="[disabledColor]" sound_play_on_hover="[default_hover]" sound="[paging_click]" tooltip_key="One More" />
					<button name="countDown" depth="3" pos="23,-130" size="30,30" style="press, hover, held, smxcore_icon_colors" sprite="ui_game_symbol_arrow_right" pivot="center" rotation="-90" disabledcolor="[disabledColor]" sound_play_on_hover="[default_hover]" sound="[paging_click]" tooltip_key="One Less" />
				</rect>
			</smxui_counter_control>
		</append>


<!--	// SMX // Crafting Info - Ingredients -->

		<append xpath="/controls">
			<smxui_ingredient_row>
				<rect name="row" style="hover, smxui_backpack_item_stack" pivot="center" controller="IngredientEntry" collider_scale="1.0" tooltip="{itemname}">
					<rect name="smxui_slot_frame" pos="0,0">
						<sprite name="frameLeft" depth="4" pos="-33,35" width="70" height="3" sprite="smxlib_separation_line_1" rotation="-90" color="[smxui_element_separation_1]" globalopacitymod="1.8" />
						<sprite name="frameTop" depth="5" pos="-37,35" width="296" height="3" sprite="smxlib_separation_line_1" color="[smxui_element_separation_1]" globalopacitymod="1.8" />
						<sprite name="frameRight" depth="4" pos="259,35" width="70" height="3" sprite="smxlib_separation_line_1" rotation="-90" flip="vertically" color="[smxui_element_separation_1]" globalopacitymod="1.8" />
						<sprite name="frameBottom" depth="5" pos="-37,-32" width="296" height="3" sprite="smxlib_separation_line_1" flip="horizontally" color="[smxui_element_separation_1]" globalopacitymod="1.8" />

						<sprite name="frameSeparator" depth="4" pos="40,15" width="30" height="2" sprite="smxlib_separation_line_1" rotation="-90" color="[smxui_element_separation_1]" globalopacitymod="1.8" />
					</rect>

					<sprite name="slotBackground" depth="1" pos="110,0" width="295" height="66" sprite="smxlib_window_background" pivot="center" flip="horizontally" color="[smxui_element_background]" globalopacitymod="1.1" />
					<sprite name="itemBackgroundNormal" depth="2" pos="0,3" width="59" height="41" sprite="smxlib_item_preview_background" pivot="center" rotation="45" color="[smxui_slot_item_background]" globalopacitymod="1.2" />

					<sprite name="itemIcon" depth="6" pos="0,0" size="60,60" atlas="ItemIconAtlas" sprite="{itemicon}" pivot="center" color="{itemicontint}" foregroundlayer="true" />

					<label name="itemName" depth="2" pos="155,15" width="200" height="24" style="smxcore_label_normal" text="{itemname}" font_size="24" pivot="center" justify="left" overflow="ShrinkContent" color="[smxui_element_labelcolor_1]" />

					<label name="needCount" depth="6" pos="155,-15" width="180" height="28" style="smxcore_label_normal" text=" [808080]{haveneedcount}[-] " font_size="28" pivot="center" justify="right" /> <!-- SMX DEV: Revisit, add binding to hide elements and rework this to present better. -->

					<!-- SMX DEV: Deprecated? -->
					<!--label name="needCount" depth="6" pos="155,-15" width="180" height="24" style="smxcore_label_normal" text=" [808080]Need: ([-] [FFFFFF]{needcount}[-][808080] )[-]" font_size="16" pivot="center" justify="left" />
					<label name="haveCount" depth="7" pos="155,-15" width="180" height="24" style="smxcore_label_normal" text=" [808080]Have: ([-] [FFFFFF]{havecount}[-][808080] )[-]" font_size="16" pivot="center" justify="right" /-->
				</rect>
			</smxui_ingredient_row>
		</append>


<!--	// SMX // Crafting Info - Unlocked By -->

		<append xpath="/controls">
			<smxui_unlocked_by_row>
				<rect name="row" style="hover, smxui_backpack_item_stack" pivot="center" controller="UnlockByEntry" collider_scale="1.0" tooltip="{name}">
					<rect name="smxui_slot_frame" pos="0,0">
						<sprite name="frameLeft" depth="4" pos="-33,35" width="70" height="3" sprite="smxlib_separation_line_1" rotation="-90" color="[smxui_element_separation_1]" globalopacitymod="1.8" />
						<sprite name="frameTop" depth="5" pos="-37,35" width="296" height="3" sprite="smxlib_separation_line_1" color="[smxui_element_separation_1]" globalopacitymod="1.8" />
						<sprite name="frameRight" depth="4" pos="259,35" width="70" height="3" sprite="smxlib_separation_line_1" rotation="-90" flip="vertically" color="[smxui_element_separation_1]" globalopacitymod="1.8" />
						<sprite name="frameBottom" depth="5" pos="-37,-32" width="296" height="3" sprite="smxlib_separation_line_1" flip="horizontally" color="[smxui_element_separation_1]" globalopacitymod="1.8" />

						<sprite name="frameSeparator" depth="4" pos="40,15" width="30" height="2" sprite="smxlib_separation_line_1" rotation="-90" color="[smxui_element_separation_1]" globalopacitymod="1.8" />
					</rect>

					<sprite name="slotBackground" depth="1" pos="110,0" width="295" height="66" sprite="smxlib_window_background" pivot="center" flip="horizontally" color="[smxui_element_background]" globalopacitymod="1.1" />
					<sprite name="itemBackgroundNormal" depth="2" pos="0,3" width="59" height="41" sprite="smxlib_item_preview_background" pivot="center" rotation="45" color="[smxui_slot_item_background]" globalopacitymod="1.2" />

					<sprite name="itemIcon" depth="6" pos="0,0" size="60,60" atlas="{itemiconatlas}" sprite="{itemicon}" pivot="center" foregroundlayer="true" />

					<label name="itemName" depth="2" pos="155,0" width="200" height="24" style="smxcore_label_normal" text="{name}" font_size="24" pivot="center" justify="left" overflow="ShrinkContent" color="[smxui_element_labelcolor_1]" />
				</rect>
			</smxui_unlocked_by_row>
		</append>


<!--	// SMX // Crafting Category -->

		<append xpath="/controls">
			<smxui_crafting_category_icon categoryname="" spritename="" displayname="" displayname_key="">
				<button name="categoryIcon" controller="CategoryEntry" categoryname="${categoryname}" spritename="${spritename}" displayname="${displayname}" displayname_key="${displayname_key}" 
						depth="1" pos="22,-20" size="28,28" style="smxcore_icon_colors" sprite="{categoryicon|once}" pivot="center" tooltip="{categorydisplayname|once}" sound_play_on_hover="[default_hover]" sound="[paging_click]" collider_scale="1.1" />
			</smxui_crafting_category_icon>
		</append>


<!--	// SMX // Crafting Recipes List --> <!-- SMX DEV: Underdeveloped by time of release, revisit and update! Can be used but is not "perfected" yet. -->

		<append xpath="/controls">
			<smxui_crafting_recipe_entry_grid>
				<rect controller="RecipeEntry" width="68" height="68" background_color="[smxhud_slot_slot_background]" highlight_color="[lightGrey]" style="press, hover, scroll, smxui_backpack_item_stack" pivot="center" disabled_font_color="[smxui_element_labelcolor_disabled]" enabled_font_color="[smxui_element_labelcolor_enabled]" sound_play_on_hover="[default_hover]" sound="[recipe_click]" tooltip="{recipename}">

					<sprite name="background" depth="1" pos="0,0" width="56" height="56" sprite="menu_empty" pivot="center" type="sliced" color="[smxui_slot_slot_background]" globalopacity="true" visible="{hasrecipe}" />
					<sprite name="slotBackground" depth="1" pos="0,0" width="56" height="56" sprite="menu_empty" pivot="center" type="sliced" color="[smxui_slot_slot_background]" globalopacity="true" visible="{hasrecipe}" />
					<sprite name="itemBackgroundNormal" depth="2" pos="0,3" width="59" height="41" sprite="smxlib_item_preview_background" pivot="center" rotation="45" color="[smxui_slot_item_background]" globalopacitymod="1.2" visible="{hasrecipe}" />
					<sprite name="slotFrame" depth="3" pos="0,0" width="67" height="67" sprite="smxlib_slot_frame_narrow" pivot="center" color="{hasingredientsstatecolor}" globalopacitymod="1.8" visible="{hasrecipe}" />

					<!--sprite name="Icon" depth="4" pos="0,0" size="60,60" atlas="ItemIconAtlas" sprite="{recipeicon}" color="{recipeicontint}" pivot="center" foregroundlayer="true" /--> <!-- Activate this line to turn OFF recipe dimming on the ICON. Remember to deactivate the on below! -->
					<sprite name="Icon" depth="4" pos="0,0" size="60,60" atlas="ItemIconAtlas" sprite="{recipeicon}" pivot="center" color="{hasingredientsstatecolor}" foregroundlayer="true" />
					<sprite name="itemtypeicon" depth="8" pos="-20,20" size="18,18" sprite="ui_game_symbol_{itemtypeicon}" pivot="center" color="{itemtypeicontint}" foregroundlayer="true" visible="{hasitemtypeicon}" />

					<sprite name="Favorite" depth="5" pos="20,-20" size="18,18" sprite="server_favorite" pivot="center" color="[smxui_element_accentcolor_2]" foregroundlayer="true" visible="{isfavorite}" />
					<sprite name="Unlocked" depth="5" pos="26,-26" size="18,18" sprite="{unlockicon}" pivot="center" color="{unlockstatecolor}" foregroundlayer="true" visible="{isunlockable}" />
				</rect>
			</smxui_crafting_recipe_entry_grid>
		</append>

		<append xpath="/controls">
			<smxui_crafting_recipe_entry_list>
				<rect controller="RecipeEntry" width="340" height="70" style="press, hover, scroll" disabled_font_color="[smxui_element_labelcolor_disabled]" enabled_font_color="[smxui_element_labelcolor_enabled]" sound_play_on_hover="[default_hover]" sound="[recipe_click]" tooltip="{recipename}">
					<rect name="smxui_slot_frame" pos="36,-35">
						<sprite name="frameLeft" depth="4" pos="-33,35" width="70" height="3" sprite="smxlib_separation_line_1" rotation="-90" color="{hasingredientsstatecolor}" globalopacitymod="1.8" visible="{hasrecipe}" />
						<sprite name="frameTop" depth="5" pos="-37,35" width="340" height="3" sprite="smxlib_separation_line_1" color="{hasingredientsstatecolor}" globalopacitymod="1.8" visible="{hasrecipe}" />
						<sprite name="frameRight" depth="4" pos="303,35" width="70" height="3" sprite="smxlib_separation_line_1" rotation="-90" flip="vertically" color="{hasingredientsstatecolor}" globalopacitymod="1.8" visible="{hasrecipe}" />
						<sprite name="frameBottom" depth="5" pos="-37,-32" width="340" height="3" sprite="smxlib_separation_line_1" flip="horizontally" color="{hasingredientsstatecolor}" globalopacitymod="1.8" visible="{hasrecipe}" />

						<sprite name="frameSeparator" depth="4" pos="40,15" width="30" height="2" sprite="smxlib_separation_line_1" rotation="-90" color="{hasingredientsstatecolor}" globalopacitymod="1.8" visible="{hasrecipe}" />
					</rect>

					<sprite name="background" depth="1" pos="167,-35" width="340" height="66" sprite="menu_empty" pivot="center" type="sliced" color="[smxui_slot_slot_background]" globalopacitymod="0.5" visible="{hasrecipe}" />

					<sprite name="slotBackground" depth="2" pos="167,-35" width="340" height="66" sprite="smxlib_window_background" pivot="center" flip="horizontally" color="[smxui_element_background]" globalopacitymod="1.1" visible="{hasrecipe}" />
					<sprite name="itemBackgroundNormal" depth="3" pos="36,-38" width="59" height="41" sprite="smxlib_item_preview_background" pivot="center" rotation="45" color="[smxui_slot_item_background]" globalopacitymod="1.2" visible="{hasrecipe}" />

					<!--sprite name="Icon" depth="4" pos="0,0" size="60,60" atlas="ItemIconAtlas" sprite="{recipeicon}" color="{recipeicontint}" pivot="center" foregroundlayer="true" /--> <!-- Activate this line to turn OFF recipe dimming on the ICON. Remember to deactivate the on below! -->
					<sprite name="Icon" depth="4" pos="36,-35" size="60,60" atlas="ItemIconAtlas" sprite="{recipeicon}" pivot="center" color="{hasingredientsstatecolor}" foregroundlayer="true" />
					<sprite name="itemtypeicon" depth="8" pos="318,-18" size="20,20" sprite="ui_game_symbol_{itemtypeicon}" pivot="center" color="{itemtypeicontint}" foregroundlayer="true" visible="{hasitemtypeicon}" />

					<label name="Name" depth="2" pos="191,-25" width="200" height="24" style="smxcore_label_normal" text="{recipename}" font_size="24" pivot="center" justify="left" overflow="ShrinkContent" color="{hasingredientsstatecolor}" />

					<label name="resourceChecker" depth="2" pos="200,-48" width="200" height="14" style="smxcore_label_normal" text="Have Resources" font_size="14" pivot="center" justify="left" overflow="ShrinkContent" color="[smxui_element_labelcolor_4]" visible="{hasingredients}" />

					<sprite name="Favorite" depth="5" pos="2,-35" size="25,25" sprite="server_favorite" pivot="center" color="[smxui_element_accentcolor_2]" foregroundlayer="true" visible="{isfavorite}" />
					<sprite name="Unlocked" depth="5" pos="318,-52" size="20,20" sprite="{unlockicon}" pivot="center" color="{unlockstatecolor}" foregroundlayer="true" visible="{isunlockable}" />
				</rect>
			</smxui_crafting_recipe_entry_list>
		</append>


<!--	// SMX // Forge Materials -->

		<append xpath="/controls">
			<smxui_forge_materials>
				<rect name="smxui_forgeinput_entry" depth="1" width="68" height="20" tooltip_key="${name}" >
					<sprite name="materialIcon" depth="2" pos="12,-15" width="25" height="25" atlas="ItemIconAtlas" sprite="${name}" color="{itemicontint}" pivot="center" foregroundlayer="true" />
					<label name="material" depth="2" pos="99999,99999" width="55" height="30" style="smxcore_label_normal" font_size="18" pivot="center" justify="left" overflow="ShrinkContent" />
					<label name="weight" depth="2" pos="48,-17" width="44" height="30" style="smxcore_label_normal" font_size="18" pivot="center" justify="right" color="[tan]" overflow="ShrinkContent" />
				</rect>
			</smxui_forge_materials>
		</append>


<!--	// SMX // Players Header -->

		<append xpath="/controls">
			<smxui_players_header>
				<rect name="smxui_playerlist_header" depth="7" pos="${pos}" width="1440" height="46">

					<rect name="steamId" depth="1" pos="0,0" width="250" height="46">
						<label name="text" depth="1" pos="130,-23" height="42" style="smxcore_label_normal" text="STEAM ID" text_key="xuiSteamID" font_size="26" pivot="center" justify="left" />
					</rect>

					<rect name="level" depth="1" pos="260,0" width="70" height="46">
						<label name="text" depth="1" pos="35,-23" height="42" style="smxcore_label_normal" text="LEVEL" text_key="xuiLevel" font_size="26" pivot="center" justify="center" />
					</rect>

					<rect name="gamestage" depth="1" pos="340,0" width="100" height="46">
						<label name="text" depth="1" pos="50,-23" height="42" style="smxcore_label_normal" text="GAME STAGE" text_key="xuiGameStage" font_size="26" pivot="center" justify="center" />
					</rect>

					<rect name="party" depth="1" pos="450,0" width="70" height="46">
						<label name="text" depth="1" pos="35,-23" height="42" style="smxcore_label_normal" text="PARTY" text_key="xuiParty" font_size="26" pivot="center" justify="center" />
					</rect>

					<rect name="allies" depth="1" pos="530,0" width="70" height="46">
						<label name="text" depth="1" pos="35,-23" height="42" style="smxcore_label_normal" text="ALLIES" text_key="xuiAllies" font_size="26" pivot="center" justify="center" />
					</rect>

					<rect name="voice" depth="1" pos="610,0" width="80" height="46">
						<label name="text" depth="1" pos="40,-23" height="42" style="smxcore_label_normal" text="VOICE" text_key="xuiVoice" font_size="26" pivot="center" justify="center" />
					</rect>

					<rect name="km" depth="1" pos="700,0" width="70" height="46">
						<label name="text" depth="1" pos="35,-23" height="42" style="smxcore_label_normal" text="KM" text_key="xuiKM" font_size="26" pivot="center" justify="center" />
					</rect>

					<rect name="map" depth="1" pos="780,0" width="80" height="46">
						<label name="text" depth="1" pos="40,-23" height="42" style="smxcore_label_normal" text="MAP" text_key="xuiMap" font_size="26" pivot="center" justify="center" />
					</rect>

					<rect name="zombieKills" depth="1" pos="870,0" width="140" height="46">
						<label name="text" depth="1" pos="70,-23" height="42" style="smxcore_label_normal" text="ZOMBIE KILLS" text_key="xuiEnemyKills" font_size="26" pivot="center" justify="center" />
					</rect>

					<rect name="playerKills" depth="1" pos="1020,0" width="140" height="46">
						<label name="text" depth="1" pos="70,-23" height="42" style="smxcore_label_normal" text="PLAYER KILLS" text_key="xuiPlayerKills" font_size="26" pivot="center" justify="center" />
					</rect>

					<rect name="deaths" depth="1" pos="1170,0" width="90" height="46">
						<label name="text" depth="1" pos="45,-23" height="42" style="smxcore_label_normal" text="DEATHS" text_key="xuiDeaths" font_size="26" pivot="center" justify="center" />
					</rect>

					<rect name="ping" depth="1" pos="1270,0" width="80" height="46">
						<label name="text" depth="1" pos="40,-23" height="42" style="smxcore_label_normal" text="PING" text_key="xuiPing" font_size="26" pivot="center" justify="center" />
					</rect>

					<rect name="reportheader" depth="1" pos="1360,0" width="80" height="46">
						<label name="text" depth="1" pos="40,-23" height="42" style="smxcore_label_normal" text_key="xuiPlayersReportPlayerCol" font_size="26" pivot="center" justify="center" />
					</rect>
				</rect>
			</smxui_players_header>
		</append>


<!--	// SMX // Players Entry -->

		<append xpath="/controls">
			<smxui_players_entry>
				<rect name="smxui_playerlist_entry" depth="1" pos="${pos}" width="1440" height="43" controller="PlayersListEntry" disabled_color="[disabledLabelColor]" alternating_color="[smxui_table_entry_background_3]" >

					<sprite name="background" pos="-50,23" width="1530" height="90" sprite="smxui_playerlist_entry_background" color="[smxui_table_entry_background_4]" />

					<rect name="steamId" depth="1" pos="0,0" width="250" height="46">
						<label name="steamIdText" depth="1" pos="110,-23" width="186" height="38" style="smxcore_label_normal" text="" font_size="26" pivot="center" justify="left" overflow="ShrinkContent" />

						<sprite name="admin" depth="1" pos="0,-20" width="25" height="25" sprite="ui_game_symbol_star" pivot="center" color="[red]" tooltip_key="xuiIsAdmin" />

						<rect depth="2" pos="230,-20">
							<sprite name="twitch" size="28,28" sprite="smxlib_ui_game_symbol_twitch_logo" pivot="center" color="[smxui_element_twitchLogo_enabled]" tooltip_key="xuiTwitchEnabled" />
							<sprite name="twitchDisabled" size="28,28" sprite="smxlib_ui_game_symbol_twitch_logo" pivot="center" color="[smxui_element_twitchLogo_disabled]" tooltip_key="xuiTwitchDisabled" />
						</rect>
					</rect>

					<rect name="level" depth="1" pos="260,0" width="70" height="46">
						<label name="levelText" depth="1" pos="35,-23" height="38" style="smxcore_label_normal" text="" font_size="26" pivot="center" justify="center" />
					</rect>

					<rect name="gamestage" depth="1" pos="340,0" width="100" height="46">
						<label name="gamestageText" depth="1" pos="50,-23" height="38" style="smxcore_label_normal" text="" font_size="26" pivot="center" justify="center" />
					</rect>

					<rect name="party" depth="1" pos="450,0" width="70" height="46">
						<label name="labelPartyIcon" depth="1" pos="35,-23" height="38" style="smxcore_label_normal" text="--" font_size="26" pivot="center" justify="center" />
						<button name="iconPartyIcon" depth="1" pos="35,-23" size="28,28" style="press, hover" sprite="ui_game_symbol_party" color="[smxui_element_iconcolor_2]" disabledcolor="[disabledLabelColor]" pivot="center" sound="[craft_click]" />
					</rect>

					<rect name="allies" depth="1" pos="530,0" width="70" height="46">
						<label name="labelAllyIcon" depth="1" pos="35,-23" height="38" style="smxcore_label_normal" text="--" font_size="26" pivot="center" justify="center" />
						<button name="iconAllyIcon" depth="1" pos="35,-23" size="28,28" style="press, hover" sprite="ui_game_symbol_players" color="[smxui_element_iconcolor_2]" disabledcolor="[disabledLabelColor]" pivot="center" sound="[craft_click]" />
					</rect>

					<rect name="voice" depth="1" pos="610,0" width="80" height="46">
						<button name="iconChat" depth="1" pos="20,-23" size="28,28" style="press, hover" sprite="ui_game_symbol_shape_text" color="[smxui_element_iconcolor_2]" pivot="center" sound="[craft_click]" />
						<button name="iconVoice" depth="1" pos="60,-23" size="28,28" style="press, hover" sprite="ui_game_symbol_mic" color="[smxui_element_iconcolor_2]" pivot="center" sound="[craft_click]" />
					</rect>

					<rect name="km" depth="1" pos="700,0" width="70" height="46">
						<label name="labelDistanceWalked" depth="1" pos="35,-23" height="38" style="smxcore_label_normal" text="-" font_size="26" pivot="center" justify="center" />
					</rect>

					<rect name="map" depth="1" pos="780,0" width="80" height="46">
						<label name="labelShowOnMap" depth="0" pos="40,-23" height="38" style="smxcore_label_normal" text="--" font_size="26" pivot="center" justify="center" />
						<button name="iconShowOnMap" depth="1" pos="40,-23" size="28,28" style="press, hover" pivot="center" sprite="ui_game_symbol_map" color="[smxui_element_iconcolor_2]" disabledcolor="[disabledLabelColor]" sound="[craft_click]" tooltip="Show on Map" tooltip_key="lblShowOnMap" />
					</rect>

					<rect name="zombieKills" depth="1" pos="870,0" width="140" height="46">
						<label name="zombieKillsText" depth="1" pos="70,-23" height="38" style="smxcore_label_normal" text="" font_size="26" pivot="center" justify="center" />
					</rect>

					<rect name="playerKills" depth="1" pos="1020,0" width="140" height="46">
						<label name="playerKillsText" depth="1" pos="70,-23" height="38" style="smxcore_label_normal" text="" font_size="26" pivot="center" justify="center" />
					</rect>

					<rect name="deaths" depth="1" pos="1170,0" width="90" height="46">
						<label name="deathsText" depth="1" pos="45,-23" height="38" font_size="26" pivot="center" justify="center" />
					</rect>

					<rect name="ping" depth="1" pos="1270,0" width="80" height="46">
						<label name="pingText" depth="1" pos="40,-23" height="38" style="smxcore_label_normal" text="--" font_size="26" pivot="center" justify="center" />
					</rect>

					<rect name="reportheader" depth="1" pos="1360,0" width="80" height="46">
						<label name="labelReportPlayer" depth="0" pos="40,-23" height="38" style="smxcore_label_normal" text="--" font_size="26" pivot="center" justify="center" />
						<button name="iconReportPlayer" depth="1" pos="40,-23" size="28,28" style="press, hover" sprite="ui_game_symbol_quest" color="[smxui_element_iconcolor_2]" pivot="center" sound="[craft_click]" tooltip_key="xuiPlayersReportPlayer" />
					</rect>
				</rect>
			</smxui_players_entry>
		</append>


<!--	// SMX // Character Core Stats -->

		<append xpath="/controls">
			<smxui_player_stats_entry_normal>
				<rect height="33">
					<sprite name="smxui_statsentry_background" depth="2" pos="0,3" width="340" height="40" sprite="smxlib_window_statsentry_background" color="${backgroundcolor}" globalopacitymod="1.8" />

					<label depth="3" pos="20,-6" width="300" style="smxcore_label_normal" text="${textcontent}" font_size="22" justify="left" color="[smxui_element_labelcolor_1]" overflow="ShrinkContent" />
					<label depth="3" pos="20,-6" width="300" style="smxcore_label_normal" text="${valuecontent}" font_size="22" justify="right" color="[smxui_element_labelcolor_3]" />

				</rect>
			</smxui_player_stats_entry_normal>

			<smxui_player_stats_entry_flipped>
				<rect height="33">
					<sprite name="smxui_statsentry_background" depth="2" pos="0,3" width="340" height="40" sprite="smxlib_window_statsentry_background" color="${backgroundcolor}" globalopacitymod="1.8" flip="horizontally" />

					<label depth="3" pos="20,-6" width="300" style="smxcore_label_normal" text="${textcontent}" font_size="22" justify="left" color="[smxui_element_labelcolor_1]" overflow="ShrinkContent" />
					<label depth="3" pos="20,-6" width="300" style="smxcore_label_normal" text="${valuecontent}" font_size="22" justify="right" color="[smxui_element_labelcolor_3]" />

				</rect>
			</smxui_player_stats_entry_flipped>
		</append>


<!--	// SMX // Character Extended Stats -->

		<append xpath="/controls">
			<smxui_player_stats_generic_entry_normal>
				<smxui_player_stats_entry_normal backgroundcolor="${backgroundcolor}" textcontent="{playerstattitle${index}|once}" valuecontent="{playerstat${index}}" />
			</smxui_player_stats_generic_entry_normal>

			<smxui_player_stats_generic_entry_flipped>
				<smxui_player_stats_entry_flipped backgroundcolor="${backgroundcolor}" textcontent="{playerstattitle${index}|once}" valuecontent="{playerstat${index}}" />
			</smxui_player_stats_generic_entry_flipped>
		</append>


<!--	// SMX // Map Window - Waypoint Entries -->

		<append xpath="/controls">
			<smx_map_popup_sub_line>
				<rect depth="3" height="43" width="43">
					<sprite name="background" depth="3" pos="35,-21" size="43,43" style="press" on_hover="true" on_scroll="false" sprite="smxui_button_background" pivot="center" color="[smxui_element_backdrop_1]" disabled_font_color="148,148,148,255" controller="MapSubPopupEntry" sound="[craft_click]" sound_play_on_hover="[default_hover]"/>
					<sprite name="Icon" depth="4" pos="35,-21" size="30,30" sprite="ui_game_symbol_map_waypoint_set" pivot="center" color="[smxui_element_iconcolor_1]" globalopacitymod="1.6" />
				</rect>
			</smx_map_popup_sub_line>
		</append>


<!--	// SMX // Map Window - Waypoint Entries -->

		<append xpath="/controls">
			<smxui_waypoint_entry>
				<rect name="smxui_waypoint_icon" width="${width}" height="${height}" controller="Quartz.MapWaypointListEntry, Quartz">

					<sprite name="frameLeft" depth="4" pos="27,6" width="66" height="3" sprite="smxlib_separation_line_1" rotation="-90" color="[smxui_element_separation_1]" globalopacitymod="1.8" visible="{#!isempty}" />
					<sprite name="frameTop" depth="5" pos="19,0" width="66" height="3" sprite="smxlib_separation_line_1" color="[smxui_element_separation_1]" globalopacitymod="1.8" visible="{#!isempty}" />
					<sprite name="frameRight" depth="4" pos="77,6" width="66" height="3" sprite="smxlib_separation_line_1" rotation="-90" flip="vertically" color="[smxui_element_separation_1]" globalopacitymod="1.8" visible="{#!isempty}" />
					<sprite name="frameBottom" depth="5" pos="19,-50" width="66" height="3" sprite="smxlib_separation_line_1" flip="horizontally" color="[smxui_element_separation_1]" globalopacitymod="1.8" visible="{#!isempty}" />

					<sprite name="background" depth="1" pos="140,-36" width="275" height="75" style="press,scroll" on_hover="true" sprite="smxlib_window_button_background" pivot="center" globalopacitymod="1.8" sound="[recipe_click]" sound_play_on_hover="[default_hover]" visible="{#!isempty}" />
					<sprite name="backgroundDummy" depth="1" pos="140,-36" width="275" height="75" style="press,scroll" on_hover="true" sprite="smxlib_window_button_background" pivot="center" color="[smxui_element_backdrop_2]" globalopacitymod="1.8" sound="[recipe_click]" sound_play_on_hover="[default_hover]" visible="{isempty}" />

					<sprite name="iconBackground1" depth="2" pos="50,-30" size="110,70" sprite="smxlib_window_splash" pivot="center" rotation="35" color="[smxui_skillwindow_undefined_1]" globalopacitymod="1.8" visible="{#!isempty}" />
					<sprite name="iconBackground2" depth="2" pos="50,-26" size="50,50" sprite="menu_empty" type="sliced" pivot="center" color="[smxui_element_background]" globalopacitymod="1.8" visible="{#!isempty}" />
					<sprite name="Icon" depth="4" pos="50,-26" size="45,45" sprite="ui_game_symbol_pen" pivot="center" color="[smxui_element_iconcolor_1]" globalopacitymod="1.8" />

					<label name="Name" depth="5" pos="150,-16" width="120" height="20" style="smxcore_label_normal" text="Name" font_size="14" pivot="center" justify="left" rotation="0" upper_case="true" color="[smxui_element_accentcolor_2]" overflow="ShrinkContent" />
					<label name="Distance" depth="5" pos="160,-36" width="80" height="32" style="smxcore_label_normal" text="0.7KM" font_size="24" pivot="center" justify="right" upper_case="true" color="[smxui_element_labelcolor_2]" overflow="ShrinkContent" />

					<label name="NoEntry" depth="5" pos="145,-36" width="260" height="32" style="smxcore_label_normal" text="NO WAYPOINT HAVE BEEN SET" font_size="18" pivot="center" justify="center" upper_case="true" color="[smxui_element_labelcolor_2]" overflow="ShrinkContent" visible="{isempty}" />

					<sprite name="Tracking" depth="5" pos="245,-34" size="30,30" sprite="ui_game_symbol_compass" pivot="center" color="[smxui_element_accentcolor_2]" foregroundlayer="true" />
				</rect>
			</smxui_waypoint_entry>
		</append>


<!--	// SMX // Map Window - Waypoint Entries -->

		<append xpath="/controls">
			<smx_invites_entry>
				<rect name="smxui_waypoint_icon" width="${width}" height="${height}" controller="Quartz.MapInvitesListEntry, Quartz">

					<sprite name="frameLeft" depth="4" pos="27,6" width="66" height="3" sprite="smxlib_separation_line_1" rotation="-90" color="[smxui_element_separation_1]" globalopacitymod="1.8" visible="{#!isempty}" />
					<sprite name="frameTop" depth="5" pos="19,0" width="66" height="3" sprite="smxlib_separation_line_1" color="[smxui_element_separation_1]" globalopacitymod="1.8" visible="{#!isempty}" />
					<sprite name="frameRight" depth="4" pos="77,6" width="66" height="3" sprite="smxlib_separation_line_1" rotation="-90" flip="vertically" color="[smxui_element_separation_1]" globalopacitymod="1.8" visible="{#!isempty}" />
					<sprite name="frameBottom" depth="5" pos="19,-50" width="66" height="3" sprite="smxlib_separation_line_1" flip="horizontally" color="[smxui_element_separation_1]" globalopacitymod="1.8" visible="{#!isempty}" />

					<sprite name="background" depth="1" pos="140,-36" width="275" height="75" style="press" on_hover="true" sprite="smxlib_window_button_background" pivot="center" globalopacitymod="1.8" sound="[recipe_click]" sound_play_on_hover="[default_hover]" visible="{#!isempty}" />
					<sprite name="backgroundDummy" depth="1" pos="140,-36" width="275" height="75" style="press" on_hover="true" sprite="smxlib_window_button_background" pivot="center" color="[smxui_element_backdrop_2]" globalopacitymod="1.8" sound="[recipe_click]" sound_play_on_hover="[default_hover]" visible="{isempty}" />

					<sprite name="iconBackground1" depth="2" pos="50,-30" size="110,70" sprite="smxlib_window_splash" pivot="center" rotation="35" color="[smxui_skillwindow_undefined_1]" globalopacitymod="1.8" visible="{#!isempty}" />
					<sprite name="iconBackground2" depth="2" pos="50,-26" size="50,50" sprite="menu_empty" type="sliced" pivot="center" color="[smxui_element_background]" globalopacitymod="1.8" visible="{#!isempty}" />
					<sprite name="Icon" depth="4" pos="50,-26" size="45,45" sprite="ui_game_symbol_pen" pivot="center" color="[smxui_element_iconcolor_1]" globalopacitymod="1.8" />

					<label name="Name" depth="5" pos="150,-16" width="120" height="20" style="smxcore_label_normal" text="Name" font_size="14" pivot="center" justify="left" rotation="0" upper_case="true" color="[smxui_element_accentcolor_2]" overflow="ShrinkContent" />
					<label name="Distance" depth="5" pos="160,-36" width="80" height="32" style="smxcore_label_normal" text="0.7KM" font_size="24" pivot="center" justify="right" upper_case="true" color="[smxui_element_labelcolor_2]" overflow="ShrinkContent" />

					<label name="NoEntry" depth="5" pos="145,-36" width="260" height="32" style="smxcore_label_normal" text="NO WAYPOINT HAVE BEEN SHARED" font_size="18" pivot="center" justify="center" upper_case="true" color="[smxui_element_labelcolor_2]" overflow="ShrinkContent" visible="{isempty}" />
				</rect>
			</smx_invites_entry>
		</append>

</SMXui>